batch_size,avg_latency,std_latency,min_latency,max_latency,avg_energy,std_energy,min_energy,max_energy,total_energy,avg_battery,min_battery,node_count
1,20.5236,7.962983427951203,12.14,66.58,119.42034666666666,0.04309362161287441,119.308,119.544,17913.052,87.52,75,150
2,1242.608857142857,437.4905255041774,545.18,2461.2,119.49560000000001,0.040289675737271886,119.408,119.58,8364.692000000001,88.4,76,70
3,2487.9878,557.2345914379879,1448.65,3823.98,119.57583999999999,0.04084783110671085,119.48,119.652,5978.7919999999995,86.88,76,50
4,3653.77,629.9421508470385,2445.27,4940.19,119.66106666666666,0.03596064259842836,119.608,119.728,3589.832,88.16666666666667,78,30
5,4884.556333333333,887.344841739644,3272.87,6611.15,119.71573333333335,0.03887995080645886,119.66,119.836,3591.472,84.6,74,30
6,6399.995999999999,1138.6118967566558,4297.94,8390.8,119.8124,0.03890934132191478,119.732,119.876,2396.248,86.15,80,20
7,7427.728999999999,1077.064538465546,5122.0,9240.71,119.86280000000002,0.02996418915270385,119.804,119.916,2397.2560000000003,84.75,76,20
8,9205.487000000001,1449.988591219868,6029.04,11168.48,119.9604,0.04515454942011242,119.872,120.024,1199.604,88.0,86,10
9,10270.576999999997,1361.0723613227428,8180.85,12613.26,120.03119999999998,0.039991110123238874,119.984,120.12,1200.312,86.9,84,10
10,10867.203,1005.2894335027211,9097.52,12303.89,120.0924,0.03146497170576199,120.036,120.136,1200.924,84.5,82,10
