node_id,k,latency_ms,bytes,battery,energy,wait_ms,enc_ms,transport_ms,dec_ms,match_ms,genuine,impostor,genuine_accepted,impostor_accepted,hmac_failed,replay,light
7,9,8311.362,120132,89,120.132,8293.000,9.580,8.587,2.642,0.365,7,2,5,2,0,0,0
8,9,9452.230,120220,86,120.220,9444.000,3.024,4.683,1.222,0.237,9,0,9,0,0,0,0
1,9,9614.100,120180,86,120.180,9607.000,2.846,4.536,1.113,0.220,5,4,5,0,0,0,0
2,9,8821.905,120176,88,120.176,8808.000,3.459,9.915,1.453,0.234,8,1,7,0,0,0,0
3,9,10103.093,120184,85,120.184,10089.000,2.807,10.850,1.408,0.222,9,0,9,0,0,0,0
5,9,9514.239,120136,87,120.136,9502.000,2.874,9.563,1.224,0.208,8,1,8,0,0,0,0
6,9,10671.276,120116,88,120.116,10664.000,2.904,4.625,1.187,0.233,6,3,6,2,0,0,0
4,9,10486.023,120168,86,120.168,10479.000,2.821,4.589,1.053,0.224,7,2,0,1,0,0,0
9,9,10995.938,120220,87,120.220,10988.000,2.866,4.607,1.119,0.223,8,1,8,0,0,0,0
0,9,11644.029,120176,88,120.176,11636.000,2.913,4.650,1.062,0.233,7,2,6,0,0,0,0
5,6,5772.947,120012,79,120.012,5745.000,10.365,16.999,1.380,0.196,5,1,5,0,0,0,0
1,6,6159.596,119864,76,119.864,6146.000,6.373,7.021,1.528,0.185,6,0,5,0,0,0,0
4,6,5585.227,119860,78,119.860,5559.000,11.936,13.968,2.295,0.283,6,0,0,0,0,0,0
7,6,6648.222,119936,81,119.936,6617.000,10.725,20.581,3.163,0.487,4,2,3,0,0,0,0
8,6,7100.627,119936,80,119.936,7075.000,8.745,16.957,2.915,0.447,5,1,5,0,0,0,0
3,6,6960.101,119908,75,119.908,6952.000,2.902,4.699,1.052,0.162,5,1,5,1,0,0,0
6,6,7519.229,120032,79,120.032,7511.000,3.269,4.797,1.147,0.180,4,2,3,1,0,0,0
2,6,7806.358,119904,78,119.904,7798.000,3.046,4.822,1.094,0.162,5,1,3,0,0,0,0
9,6,7411.729,119960,79,119.960,7404.000,2.893,4.631,1.210,0.203,6,0,6,0,0,0,0
0,6,5572.418,119940,80,119.940,5565.000,2.765,4.939,1.482,0.171,4,2,3,0,0,0,0
