node_id,k,latency_ms,bytes,battery,energy,wait_ms,enc_ms,transport_ms,dec_ms,match_ms,genuine,impostor,genuine_accepted,impostor_accepted,hmac_failed,replay,light,decision_ms,decision_bytes,ack_bytes
5,1,18.960,119580,98,119.765,0.000,6.916,9.640,2.450,0.106,1,0,1,0,0,0,0,23.618,164,185
8,1,37.894,119472,98,119.658,0.000,12.445,25.133,1.333,0.093,0,1,0,0,0,0,0,42.362,165,186
9,1,26.250,119484,98,119.667,0.000,7.896,17.506,1.604,0.281,1,0,1,0,0,0,0,33.343,165,183
2,1,20.555,119572,98,119.757,0.000,10.161,10.685,2.011,0.102,0,1,0,1,0,0,0,25.173,165,185
5,1,0,119580,98,119.580,0,0,0,0,0,0,0,0,0,0,1,0,0,0,0
5,1,29.437,119480,97,119.665,0.000,8.712,20.975,4.170,0.982,1,0,1,0,0,0,0,43.307,165,185
6,1,28.560,119568,98,119.753,0.000,17.174,10.239,7.345,0.170,1,0,1,0,0,0,0,41.009,165,185
4,1,42.445,119528,99,119.712,0.000,10.660,31.310,2.388,0.109,1,0,0,0,0,0,0,53.402,164,184
3,1,36.056,119564,98,119.750,0.000,6.360,26.756,3.596,0.136,1,0,1,0,0,0,0,43.342,165,186
7,1,9.673,119660,99,119.843,0.000,4.657,5.110,1.058,0.070,1,0,1,0,0,0,0,12.370,164,183
0,1,7.969,119608,99,119.793,0.000,2.984,5.021,2.564,0.086,1,0,1,0,0,0,0,12.465,165,185
1,1,14.500,119540,99,119.726,0.000,9.395,4.638,1.088,0.063,1,0,1,0,0,0,0,17.080,165,186
6,1,21.120,119564,96,119.749,0.000,3.245,17.348,1.071,0.069,1,0,1,0,0,0,0,31.294,165,185
7,1,0,119660,99,119.660,0,0,0,0,0,0,0,0,0,0,1,0,0,0,0
7,1,19.931,119584,97,119.769,0.000,8.113,8.396,1.075,0.066,1,0,0,0,0,0,0,24.122,164,185
1,1,31.018,119596,98,119.781,0.000,11.824,18.991,1.369,0.228,1,0,1,0,0,0,0,34.531,165,185
9,1,7.330,119456,97,119.641,0.000,2.814,4.575,0.972,0.078,1,0,1,0,0,0,0,9.814,165,185
5,1,16.332,119492,95,119.677,0.000,11.543,4.623,1.079,0.077,1,0,1,0,0,0,0,18.894,165,185
4,1,27.913,119432,98,119.617,0.000,8.115,19.834,1.091,0.073,1,0,0,0,0,0,0,32.885,165,185
3,1,20.683,119496,97,119.681,0.000,14.465,6.343,0.953,0.039,1,0,1,0,0,0,0,23.104,165,185
2,1,11.125,119528,97,119.714,0.000,5.423,5.420,2.675,0.060,1,0,0,0,0,0,0,20.814,165,186
0,1,0,119608,99,119.608,0,0,0,0,0,0,0,0,0,0,1,0,0,0,0
0,1,12.948,119508,97,119.693,0.000,4.301,8.591,0.975,0.070,1,0,1,0,0,0,0,16.629,165,185
8,1,7.922,119540,96,119.725,0.000,2.816,4.462,0.891,0.058,1,0,1,0,0,0,0,10.252,165,185
6,1,34.251,119560,94,119.745,0.000,14.607,18.934,1.565,0.103,1,0,1,0,0,0,0,45.127,165,185
7,1,27.131,119524,96,119.710,0.000,9.757,16.554,2.507,0.155,1,0,1,0,0,0,0,33.064,165,186
8,1,22.835,119480,95,119.665,0.000,12.384,10.417,2.237,0.150,1,0,1,0,0,0,0,28.293,165,185
3,1,14.894,119504,96,119.690,0.000,3.662,11.603,1.123,0.098,0,1,0,0,0,0,0,24.147,165,186
9,1,13.816,119532,95,119.717,0.000,4.964,8.412,0.990,0.078,1,0,1,0,0,0,0,21.147,164,185
5,1,9.650,119532,94,119.718,0.000,3.165,6.065,1.137,0.089,1,0,1,0,0,0,0,12.346,165,186
6,1,11.202,119420,92,119.605,0.000,4.215,7.117,1.142,0.098,1,0,1,0,0,0,0,14.597,165,185
1,1,13.834,119540,97,119.725,0.000,2.982,10.752,1.455,0.107,0,1,0,0,0,0,0,17.837,165,185
4,1,7.927,119528,97,119.713,0.000,2.877,4.890,0.950,0.061,1,0,1,0,0,0,0,10.285,165,185
0,1,14.196,119560,95,119.745,0.000,3.729,9.875,1.098,0.121,1,0,0,0,0,0,0,17.174,165,185
2,1,13.105,119496,95,119.681,0.000,2.953,9.604,1.287,0.266,0,1,0,1,0,0,0,16.408,165,185
1,1,10.283,119556,95,119.741,0.000,2.855,7.001,0.998,0.051,1,0,1,0,0,0,0,12.684,165,185
6,1,7.520,119560,91,119.745,0.000,2.853,4.884,1.003,0.063,1,0,1,0,0,0,0,11.878,165,185
4,1,7.737,119500,95,119.685,0.000,2.611,4.690,0.872,0.044,1,0,1,0,0,0,0,10.043,165,185
9,1,7.577,119472,94,119.657,0.000,2.795,4.546,1.021,0.092,1,0,1,0,0,0,0,10.257,165,185
5,1,7.716,119516,93,119.702,0.000,2.849,4.952,0.987,0.078,1,0,1,0,0,0,0,10.606,165,186
1,1,10.271,119548,94,119.734,0.000,3.033,7.028,1.582,0.093,1,0,1,0,0,0,0,14.376,165,186
8,1,8.549,119480,93,119.665,0.000,3.330,4.836,0.923,0.069,1,0,1,0,0,0,0,11.006,165,185
7,1,7.855,119452,95,119.637,0.000,2.952,4.737,0.964,0.070,1,0,1,0,0,0,0,10.403,165,185
3,1,7.876,119624,94,119.809,0.000,2.804,4.817,0.930,0.059,1,0,1,0,0,0,0,10.519,165,185
0,1,11.187,119588,94,119.772,0.000,2.730,8.572,0.920,0.065,1,0,1,0,0,0,0,13.728,165,184
2,1,7.663,119508,93,119.693,0.000,3.125,4.685,1.138,0.085,0,1,0,0,0,0,0,10.655,165,185
9,1,15.631,119488,92,119.672,0.000,4.440,11.417,1.398,0.079,1,0,1,0,0,0,0,21.180,165,184
8,1,12.544,119560,91,119.746,0.000,3.862,8.553,1.159,0.058,1,0,1,0,0,0,0,15.522,165,186
3,1,28.569,119552,93,119.737,0.000,9.900,18.449,2.487,0.120,0,1,0,0,0,0,0,42.693,164,185
6,1,20.859,119484,90,119.669,0.000,7.533,12.723,2.019,0.127,0,1,0,1,0,0,0,26.529,165,185
7,1,37.757,119480,93,119.666,0.000,8.974,28.197,1.489,0.099,1,0,1,0,0,0,0,41.471,165,186
1,1,8.526,119468,93,119.653,0.000,3.252,5.090,0.998,0.078,1,0,1,0,0,0,0,11.303,165,185
4,1,8.089,119528,93,119.713,0.000,2.875,4.873,1.036,0.082,1,0,0,0,0,0,0,10.892,165,185
5,1,8.686,119524,91,119.708,0.000,3.273,5.446,1.089,0.079,0,1,0,0,0,0,0,11.545,163,184
0,1,15.233,119588,92,119.774,0.000,4.069,10.733,1.195,0.080,0,1,0,0,0,0,0,20.255,165,186
8,1,10.703,119588,89,119.774,0.000,3.557,7.084,1.286,0.075,1,0,1,0,0,0,0,15.942,165,186
6,1,12.719,119460,89,119.645,0.000,5.768,7.020,1.528,0.104,1,0,1,0,0,0,0,16.413,164,185
1,1,26.526,119520,92,119.705,0.000,18.583,7.231,1.940,0.120,1,0,0,0,0,0,0,33.087,165,185
9,1,22.306,119564,91,119.750,0.000,10.679,11.130,2.327,0.160,1,0,1,0,0,0,0,27.949,165,186
2,1,18.344,119492,91,119.677,0.000,8.081,9.570,1.650,0.105,1,0,1,0,0,0,0,22.853,165,185
7,1,15.005,119556,91,119.741,0.000,8.083,6.623,1.346,0.097,1,0,1,0,0,0,0,18.419,165,185
8,1,27.524,119476,87,119.661,0.000,16.196,11.353,0.949,0.067,1,0,1,0,0,0,0,29.906,165,185
0,1,20.879,119616,91,119.801,0.000,9.038,11.379,1.092,0.073,1,0,1,0,0,0,0,23.468,165,185
6,1,27.275,119572,88,119.757,0.000,18.274,8.537,0.932,0.072,0,1,0,0,0,0,0,29.776,165,185
3,1,28.485,119532,92,119.717,0.000,16.071,11.785,1.049,0.110,0,1,0,0,0,0,0,33.819,165,185
5,1,8.863,119532,89,119.716,0.000,2.712,6.479,6.966,0.201,1,0,1,0,0,0,0,19.620,165,184
4,1,8.338,119524,92,119.709,0.000,3.373,4.902,1.007,0.070,1,0,0,0,0,0,0,11.122,165,185
7,1,0,119556,91,119.556,0,0,0,0,0,0,0,0,0,0,1,0,0,0,0
7,1,37.232,119480,90,119.664,0.000,15.287,21.304,1.053,0.063,1,0,1,0,0,0,0,41.050,165,184
0,1,17.985,119556,90,119.741,0.000,8.951,8.398,0.915,0.043,1,0,0,0,0,0,0,20.215,165,185
1,1,0,119520,92,119.520,0,0,0,0,0,0,0,0,0,0,1,0,0,0,0
1,1,8.423,119472,91,119.658,0.000,2.731,5.151,1.002,0.064,1,0,1,0,0,0,0,24.196,165,186
9,1,22.781,119476,90,119.661,0.000,17.937,4.583,0.902,0.063,0,1,0,0,0,0,0,25.115,165,185
2,1,22.160,119484,90,119.669,0.000,16.697,5.016,1.007,0.073,1,0,1,0,0,0,0,24.683,165,185
8,1,29.038,119504,86,119.687,0.000,13.820,15.164,0.931,0.067,1,0,1,0,0,0,0,31.538,163,183
6,1,8.683,119516,86,119.701,0.000,2.843,5.926,0.914,0.070,1,0,1,0,0,0,0,20.484,165,185
0,1,30.943,119432,88,119.617,0.000,9.736,21.165,0.962,0.068,0,1,0,0,0,0,0,33.446,165,185
5,1,21.441,119552,88,119.738,0.000,13.710,7.821,0.880,0.045,1,0,1,0,0,0,0,23.593,164,186
3,1,21.465,119588,91,119.774,0.000,16.504,4.729,0.931,0.065,1,0,1,0,0,0,0,24.010,165,186
2,1,25.816,119512,88,119.697,0.000,11.922,13.633,0.982,0.080,1,0,1,0,0,0,0,28.345,165,185
9,1,35.177,119568,88,119.754,0.000,15.769,18.979,1.713,0.419,0,1,0,1,0,0,0,43.017,165,186
1,1,13.832,119504,90,119.689,0.000,6.440,6.522,1.222,0.074,1,0,1,0,0,0,0,16.565,165,185
6,1,10.101,119564,85,119.749,0.000,4.837,5.211,2.734,0.110,1,0,1,0,0,0,0,14.959,165,185
0,1,7.590,119552,86,119.738,0.000,2.946,4.564,1.013,0.065,0,1,0,0,0,0,0,10.155,165,186
7,1,7.411,119548,89,119.734,0.000,2.925,4.629,0.973,0.074,1,0,0,0,0,0,0,10.067,165,186
4,1,10.255,119548,90,119.733,0.000,2.965,6.701,0.985,0.047,0,1,0,0,0,0,0,12.696,165,185
8,1,8.012,119564,84,119.749,0.000,2.692,5.418,0.894,0.041,1,0,1,0,0,0,0,10.274,165,185
9,1,10.438,119580,86,119.765,0.000,2.778,7.981,0.967,0.066,0,1,0,0,0,0,0,13.051,165,185
2,1,10.564,119612,87,119.797,0.000,2.958,7.269,0.869,0.054,1,0,1,0,0,0,0,13.235,165,185
1,1,19.792,119516,88,119.701,0.000,4.380,14.281,0.996,0.078,1,0,1,0,0,0,0,24.024,165,185
6,1,10.542,119552,84,119.737,0.000,5.714,4.739,0.950,0.080,0,1,0,0,0,0,0,13.311,164,185
5,1,27.045,119564,86,119.750,0.000,10.144,16.406,1.059,0.088,1,0,1,0,0,0,0,32.974,165,186
3,1,18.861,119536,89,119.721,0.000,8.764,10.102,1.009,0.069,0,1,0,0,0,0,0,23.639,165,185
8,1,14.805,119568,83,119.753,0.000,5.676,9.156,0.979,0.063,0,1,0,1,0,0,0,17.346,165,185
0,1,0,119552,86,119.552,0,0,0,0,0,0,0,0,0,0,1,0,0,0,0
0,1,9.115,119500,85,119.685,0.000,2.896,6.138,1.027,0.055,1,0,0,0,0,0,0,13.194,165,185
7,1,25.991,119584,88,119.768,0.000,12.627,12.920,1.064,0.084,0,1,0,1,0,0,0,28.858,165,184
9,1,36.146,119444,84,119.630,0.000,16.149,19.767,0.981,0.072,1,0,1,0,0,0,0,39.410,165,186
1,1,18.778,119592,87,119.777,0.000,7.840,10.292,1.217,0.075,1,0,1,0,0,0,0,21.799,165,185
4,1,9.049,119520,88,119.706,0.000,3.061,5.758,1.022,0.082,1,0,0,0,0,0,0,12.274,165,186
6,1,0,119552,84,119.552,0,0,0,0,0,0,0,0,0,0,1,0,0,0,0
6,1,21.428,119544,83,119.730,0.000,8.035,13.291,1.014,0.086,0,1,0,1,0,0,0,26.912,165,186
2,1,0,119612,87,119.612,0,0,0,0,0,0,0,0,0,0,1,0,0,0,0
2,1,26.386,119504,85,119.689,0.000,8.459,18.008,1.146,0.079,0,1,0,1,0,0,0,31.557,165,185
3,1,16.720,119584,88,119.769,0.000,11.399,5.139,1.032,0.082,1,0,1,0,0,0,0,19.262,165,185
4,1,10.567,119552,86,119.737,0.000,3.343,6.717,1.019,0.079,1,0,1,0,0,0,0,13.199,165,185
5,1,7.941,119544,85,119.729,0.000,2.935,4.717,1.027,0.072,1,0,1,0,0,0,0,10.629,165,185
8,1,8.572,119564,81,119.750,0.000,3.499,4.843,1.011,0.083,0,1,0,0,0,0,0,11.673,164,186
1,1,8.255,119568,86,119.751,0.000,2.987,4.673,0.951,0.070,1,0,0,0,0,0,0,13.770,165,183
9,1,6.899,119612,83,119.797,0.000,2.726,4.521,0.925,0.056,1,0,1,0,0,0,0,9.428,165,185
7,1,7.682,119496,86,119.681,0.000,2.801,4.760,0.961,0.073,0,1,0,1,0,0,0,10.306,165,185
2,1,21.879,119516,84,119.702,0.000,16.719,5.057,0.989,0.067,1,0,1,0,0,0,0,24.458,165,186
0,1,0,119500,85,119.500,0,0,0,0,0,0,0,0,0,0,1,0,0,0,0
0,1,26.346,119560,84,119.746,0.000,9.645,16.924,1.019,0.080,0,1,0,0,0,0,0,30.265,165,186
3,1,0,119584,88,119.584,0,0,0,0,0,0,0,0,0,0,1,0,0,0,0
3,1,28.845,119548,86,119.733,0.000,15.282,13.152,1.044,0.066,1,0,1,0,0,0,0,33.788,165,185
6,1,10.301,119616,82,119.801,0.000,3.758,6.231,0.937,0.048,1,0,1,0,0,0,0,13.248,164,185
5,1,38.973,119540,83,119.725,0.000,11.765,26.570,0.955,0.073,1,0,1,0,0,0,0,44.861,165,185
4,1,31.451,119564,85,119.749,0.000,15.343,16.065,1.109,0.164,1,0,1,0,0,0,0,34.542,165,185
7,1,0,119496,86,119.496,0,0,0,0,0,0,0,0,0,0,1,0,0,0,0
7,1,9.763,119520,85,119.705,0.000,3.533,6.521,2.612,0.086,1,0,1,0,0,0,0,15.462,165,185
3,1,0,119548,86,119.548,0,0,0,0,0,0,0,0,0,0,1,0,0,0,0
3,1,13.113,119524,84,119.709,0.000,4.211,8.779,1.118,0.082,1,0,1,0,0,0,0,17.822,165,185
1,1,12.328,119608,84,119.790,0.000,3.411,9.064,0.969,0.059,0,1,0,0,0,0,0,15.510,163,182
8,1,23.710,119516,79,119.700,0.000,16.374,5.237,1.159,0.080,1,0,1,0,0,0,0,27.405,165,184
5,1,27.787,119500,81,119.684,0.000,22.220,4.884,0.990,0.110,1,0,1,0,0,0,0,30.583,163,184
9,1,0,119612,83,119.612,0,0,0,0,0,0,0,0,0,0,1,0,0,0,0
9,1,23.388,119500,81,119.685,0.000,17.578,5.210,1.008,0.065,1,0,1,0,0,0,0,27.271,165,185
8,1,25.784,119496,77,119.680,0.000,15.967,9.575,0.965,0.066,1,0,1,0,0,0,0,28.329,164,184
2,1,0,119516,84,119.516,0,0,0,0,0,0,0,0,0,0,1,0,0,0,0
2,1,39.099,119576,83,119.759,0.000,8.917,30.424,0.931,0.067,1,0,1,0,0,0,0,42.756,165,183
3,1,8.535,119472,82,119.658,0.000,3.057,4.919,1.004,0.071,1,0,1,0,0,0,0,10.968,165,186
0,1,46.253,119488,82,119.674,0.000,12.684,33.393,0.981,0.082,1,0,1,0,0,0,0,52.075,165,186
4,1,29.102,119544,83,119.728,0.000,13.298,15.281,0.943,0.072,0,1,0,0,0,0,0,55.983,165,184
6,1,8.256,119532,80,119.717,0.000,3.189,5.078,0.944,0.069,1,0,1,0,0,0,0,10.665,165,185
2,1,0,119576,83,119.576,0,0,0,0,0,0,0,0,0,0,1,0,0,0,0
2,1,7.875,119560,82,119.746,0.000,3.091,5.049,1.767,0.095,0,1,0,0,0,0,0,12.858,165,186
7,1,7.648,119532,84,119.718,0.000,3.268,4.658,0.978,0.065,1,0,1,0,0,0,0,10.205,165,186
5,1,24.595,119480,80,119.665,0.000,11.972,12.181,0.931,0.068,1,0,1,0,0,0,0,27.243,165,185
1,1,26.995,119564,82,119.749,0.000,12.847,13.623,1.140,0.075,1,0,1,0,0,0,0,29.733,165,185
9,1,11.390,119592,79,119.777,0.000,2.887,8.600,0.935,0.061,1,0,1,0,0,0,0,16.436,164,185
8,1,26.190,119564,75,119.749,0.000,18.452,6.768,0.946,0.038,0,1,0,1,0,0,0,28.897,165,185
0,1,27.541,119536,81,119.722,0.000,15.925,11.399,1.195,0.078,1,0,1,0,0,0,0,30.434,165,186
5,1,24.466,119540,78,119.726,0.000,8.513,15.118,1.766,0.090,1,0,1,0,0,0,0,28.307,165,186
3,1,10.098,119560,80,119.745,0.000,3.037,6.782,0.965,0.068,1,0,1,0,0,0,0,13.227,165,185
4,1,14.475,119476,82,119.660,0.000,5.728,8.366,0.947,0.061,1,0,1,0,0,0,0,19.740,165,184
6,1,20.616,119516,79,119.701,0.000,9.768,10.614,1.765,0.127,1,0,0,0,0,0,0,25.558,165,185
2,1,12.510,119440,80,119.625,0.000,5.812,6.236,1.250,0.096,1,0,1,0,0,0,0,16.322,165,185
7,1,9.699,119576,83,119.761,0.000,3.624,6.170,1.511,0.124,1,0,0,0,0,0,0,13.565,165,185
1,1,19.730,119580,80,119.765,0.000,7.424,11.794,2.149,0.123,0,1,0,0,0,0,0,28.927,165,185
3,1,33.405,119516,79,119.700,0.000,19.627,13.862,1.759,0.101,1,0,1,0,0,0,0,37.801,164,184
8,1,45.171,119472,73,119.657,0.000,14.973,30.376,1.413,0.925,1,0,1,0,0,0,0,50.629,165,185
9,1,8.382,119564,78,119.750,0.000,3.135,4.936,0.922,0.072,1,0,1,0,0,0,0,11.109,165,186
0,1,18.674,119620,80,119.805,0.000,7.236,11.017,2.171,0.221,1,0,1,0,0,0,0,24.364,165,185
3,1,0,119516,79,119.516,0,0,0,0,0,0,0,0,0,0,1,0,0,0,0
3,1,9.119,119556,78,119.741,0.000,3.594,5.147,0.977,0.075,1,0,1,0,0,0,0,13.267,164,185
5,1,10.900,119528,76,119.712,0.000,4.372,6.701,2.870,0.223,1,0,1,0,0,0,0,21.425,165,184
4,1,35.752,119500,81,119.684,0.000,17.239,18.516,1.876,0.106,0,1,0,0,0,0,0,40.856,165,184
9,1,17.459,119540,76,119.726,0.000,11.330,6.085,4.432,0.196,0,1,0,0,0,0,0,24.011,165,186
4,1,13.738,119520,80,119.704,0.000,3.723,9.562,1.171,0.119,1,0,0,0,0,0,0,19.170,165,184
7,1,11.796,119484,81,119.669,0.000,3.206,8.851,1.006,0.041,1,0,1,0,0,0,0,14.424,165,185
2,1,7.778,119496,78,119.680,0.000,2.834,5.076,1.213,0.063,1,0,0,0,0,0,0,10.490,165,184
0,1,8.116,119516,79,119.702,0.000,2.860,4.840,1.094,0.082,1,0,0,0,0,0,0,11.006,165,186
7,1,18.563,119492,79,119.676,0.000,6.760,12.049,1.309,0.098,1,0,1,0,0,0,0,21.792,165,184
4,1,21.678,119572,79,119.757,0.000,12.757,8.324,2.074,0.218,1,0,1,0,0,0,0,26.782,165,185
2,1,26.579,119568,77,119.753,0.000,12.478,14.242,1.980,0.093,1,0,1,0,0,0,0,35.228,165,185
