subjects,images,feature,d,encoding,genuine_pairs,impostor_pairs,EER,EER_boot_mean,EER_boot_sd,threshold_at_EER,FAR_at_EER,FRR_at_EER,FRR_at_FAR_1pct,genuine_mean,impostor_mean
10,80,first_12,12,float,280,2880,0.4516,0.4532,0.0121,0.271,0.4531,0.45,0.9857,0.394,0.462
10,80,first_12,12,quantized_s256,280,2880,0.4537,0.4537,0.0119,17783.0,0.4538,0.4536,0.9821,25812.932,30254.837
10,80,first_64,64,float,280,2880,0.45,0.4465,0.0179,1.56,0.45,0.45,0.9964,1.706,1.952
10,80,first_64,64,quantized_s126,280,2880,0.4535,0.4469,0.018,24841.0,0.4535,0.4536,0.9964,27096.004,30989.886
10,80,first_128,128,float,280,2880,0.4393,0.4396,0.0178,2.896,0.4392,0.4393,1.0,3.008,3.367
10,80,first_128,128,quantized_s89,280,2880,0.4393,0.4392,0.0176,22974.0,0.4392,0.4393,1.0,23875.443,26709.775
10,80,first_512,512,float,280,2880,0.4107,0.4099,0.0159,10.937,0.4108,0.4107,1.0,11.072,12.342
10,80,first_512,512,quantized_s44,280,2880,0.4113,0.4094,0.0158,21263.0,0.4118,0.4107,1.0,21510.429,23967.265
10,80,full,12321,float,280,2880,0.2785,0.2828,0.0166,547.291,0.2785,0.2786,0.9964,476.12,672.379
10,80,full,12321,quantized_s9,280,2880,0.2822,0.2852,0.0169,46181.0,0.2823,0.2821,0.9964,40462.357,56507.076
10,80,pooled_2x2,36,float,280,2880,0.2178,0.2179,0.0115,0.255,0.2177,0.2179,0.9964,0.179,0.504
10,80,pooled_2x2,36,quantized_s169,280,2880,0.2187,0.218,0.0118,7324.0,0.2194,0.2179,0.9964,5127.029,14397.639
10,80,pooled_3x3,81,float,280,2880,0.2363,0.2379,0.0132,0.886,0.2368,0.2357,0.9964,0.64,1.53
10,80,pooled_3x3,81,quantized_s112,280,2880,0.2366,0.2381,0.0132,11156.0,0.2375,0.2357,0.9964,8027.671,19236.041
10,80,pooled_4x4,144,float,280,2880,0.2472,0.2488,0.0137,2.05,0.2479,0.2464,0.9964,1.498,3.321
10,80,pooled_4x4,144,quantized_s84,280,2880,0.25,0.2488,0.0139,14547.0,0.25,0.25,0.9964,10597.329,23473.235
