K,wait_ms,enc_ms,transport_ms,dec_ms,match_ms,latency_ms,decision_ms,return_ms
1,0.0,7.12,9.16,1.48,0.1,16.54,21.11,4.56
2,1115.86,11.24,13.69,2.12,0.15,1141.15,1146.87,5.72
3,2546.7,10.52,12.5,1.71,0.21,2570.24,2575.65,5.41
4,3458.86,10.09,12.49,1.89,0.22,3482.01,3487.09,5.08
5,4959.69,12.54,13.61,2.13,0.31,4986.33,4992.17,5.84
6,4938.78,14.3,14.36,1.93,0.28,4967.84,4973.11,5.27
7,5048.48,11.34,12.94,2.62,0.52,5073.3,5079.81,6.5
8,8509.87,9.88,12.64,2.22,0.55,8532.95,8539.24,6.29
9,8153.73,10.31,12.37,1.88,0.33,8176.83,8182.05,5.22
10,8178.73,12.16,12.68,2.71,0.5,8204.1,8211.71,7.6
