k,runs,transactions,readings,total_energy_J,total_energy_ci_J,energy_per_reading_mJ,reduction_vs_k1_pct,mean_latency_ms,latency_ci_ms,latency_sd_ms,max_latency_ms,bytes_per_msg,min_latency_ms,battery_mean_pct,energy_per_tx_mJ,energy_per_tx_sd_mJ,mean_decision_ms,decision_ci_ms,decision_bytes,ack_bytes,unacked
1,3,150.0,150.0,17.96,0.0,119.72,0.0,16.54,0.86,9.36,55.76,119532.9,6.76,88.01,119.72,0.05,21.11,0.98,164.79,184.96,0
2,3,80.0,150.0,9.58,0.0,63.89,46.63,1141.15,76.49,604.55,2030.58,119614.97,7.4,86.78,119.8,0.05,1146.87,76.51,167.45,184.95,0
3,3,50.0,150.0,5.99,0.0,39.96,66.62,2570.24,99.32,620.61,3914.09,119699.73,1115.34,86.43,119.88,0.04,2575.65,99.35,170.76,184.89,0
4,3,40.0,150.0,4.8,0.0,31.99,73.28,3482.01,163.24,912.32,5198.24,119765.1,1170.21,85.23,119.95,0.05,3487.09,163.23,172.96,184.88,0
5,3,30.0,150.0,3.6,0.0,24.01,79.95,4986.33,187.43,907.19,7170.72,119857.02,3162.72,84.89,120.04,0.04,4992.17,187.36,176.73,185.06,0
6,3,30.0,150.0,3.6,0.0,24.01,79.94,4967.84,414.52,2006.36,8478.57,119862.27,1307.24,82.7,120.05,0.12,4973.11,414.57,176.83,185.04,0
7,3,30.0,150.0,3.6,0.0,24.01,79.95,5073.3,763.72,3696.59,10174.89,119852.22,7.29,82.0,120.04,0.23,5079.81,763.94,176.79,184.94,0
8,3,20.0,150.0,2.4,0.0,16.03,86.61,8532.95,289.43,1143.83,11445.02,120055.73,5427.77,82.82,120.24,0.06,8539.24,289.59,184.33,185.0,0
9,3,20.0,150.0,2.4,0.0,16.03,86.61,8176.83,567.9,2244.37,12959.82,120034.53,4364.2,81.8,120.22,0.12,8182.05,568.09,184.3,184.88,0
10,3,20.0,150.0,2.4,0.0,16.03,86.61,8204.1,854.71,3377.85,15546.88,120044.27,3575.55,81.42,120.23,0.19,8211.71,855.03,184.3,184.9,0
