node_id,latency_ms,bytes,battery
5,2.92,118235,100
7,1.47,118275,100
3,0.99,118210,100
1,1.72,118243,100
4,2.28,118251,100
2,3.08,118223,100
5,1.83,118267,100
6,1.48,118238,100
8,2.17,118255,100
1,1.69,118247,100
7,1.39,118295,100
9,1.98,118267,100
0,1.36,118211,100
8,1.43,118259,100
3,2.44,118191,100
2,3.39,118215,100
6,10.61,118259,100
4,1.70,118319,100
7,1.74,118239,100
0,2.34,118259,100
5,3.09,118295,100
1,2.03,118275,100
9,1.34,118231,100
0,2.06,118231,100
7,2.06,118177,100
8,3.03,118122,100
4,2.19,118227,100
6,3.13,118207,100
0,3.35,118243,100
3,11.88,118279,100
2,2.28,118351,100
9,7.92,118258,100
8,2.91,118259,100
3,2.64,118235,100
0,1.66,118239,100
1,1.79,118271,100
5,2.13,118307,100
2,3.62,118319,100
4,2.10,118251,100
7,2.63,118259,100
3,2.57,118243,100
9,2.59,118227,100
7,10.54,118151,100
8,3.84,118291,100
1,1.71,118199,100
6,1.38,118243,100
0,2.94,118223,100
5,2.17,118231,100
7,8.64,118295,100
4,2.89,118255,100
2,1.71,118191,100
1,2.55,118315,100
3,2.57,118243,100
8,2.34,118267,100
0,2.22,118255,100
6,8.66,118247,100
7,2.69,118243,100
9,1.63,118267,100
5,2.44,118323,100
4,2.51,118271,100
0,5.98,118211,100
2,2.69,118187,100
1,2.54,118299,100
3,2.56,118303,100
8,2.66,118251,100
6,2.76,118291,100
2,2.69,118339,100
9,2.84,118219,100
7,2.54,118226,100
1,2.32,118215,100
5,2.63,118199,100
3,2.51,118243,100
2,2.33,118271,100
1,2.82,118274,100
4,1.61,118271,100
0,1.32,118223,100
8,2.56,118215,100
9,3.05,118263,100
4,3.31,118323,100
6,1.63,118207,100
5,2.31,118215,100
7,2.44,118239,100
1,1.83,118206,100
8,2.68,118251,100
3,2.52,118230,100
0,2.29,118207,100
2,2.65,118359,100
4,2.04,118203,100
6,2.61,118243,100
3,2.46,118235,100
5,2.49,118195,100
4,2.21,118291,100
0,2.10,118183,100
2,2.72,118275,100
9,2.13,118227,100
7,2.43,118299,100
3,1.89,118259,100
4,2.69,118243,100
1,7.39,118287,100
0,2.79,118291,100
8,13.83,118187,100
7,1.41,118307,100
5,1.38,118243,100
1,4.67,118191,100
6,2.45,118235,100
4,2.20,118199,100
9,2.27,118238,100
2,1.27,118235,100
3,1.99,118219,100
8,1.65,118279,100
4,1.96,118283,100
0,1.93,118307,100
1,1.46,118278,100
5,1.73,118267,100
3,1.47,118359,100
7,2.81,118278,100
5,6.73,118311,100
3,4.05,118255,100
2,1.21,118275,100
6,4.77,118211,100
9,2.58,118219,100
8,2.25,118231,100
2,3.03,118247,100
1,7.75,118235,100
7,13.39,118247,100
4,1.64,118283,100
5,1.75,118295,100
0,1.68,118223,100
3,9.61,118267,100
9,5.66,118215,100
7,2.07,118263,100
8,3.92,118119,100
6,3.78,118278,100
5,4.13,118215,100
9,2.87,118331,100
4,2.32,118199,100
8,2.21,118247,100
2,1.94,118335,100
0,8.88,118311,100
1,3.10,118351,100
5,2.70,118251,100
6,2.11,118283,100
8,1.55,118219,100
6,4.26,118211,100
9,1.16,118195,100
2,2.63,118291,100
9,2.36,118265,100
6,2.61,118275,100
9,1.49,118275,100
6,2.67,118295,100
