node_id,latency_ms,bytes,battery,energy
9,2394.49,119616,95,119.588
6,2263.61,119560,97,119.536
4,1620.87,119576,97,119.560
3,2425.42,119660,96,119.640
5,2666.04,119608,96,119.584
7,2463.14,119500,96,119.480
8,2580.23,119640,94,119.612
1,3182.63,119640,96,119.620
0,3349.01,119580,96,119.556
2,2908.41,119640,95,119.620
6,1819.24,119612,92,119.592
2,1645.07,119612,91,119.592
9,2384.26,119592,92,119.572
7,1590.54,119544,90,119.524
3,2486.96,119612,90,119.592
4,3283.27,119540,94,119.516
1,2076.41,119640,90,119.620
8,2542.35,119620,90,119.596
5,3069.86,119584,92,119.560
6,2611.33,119600,87,119.580
0,3363.34,119592,91,119.572
3,1876.32,119664,86,119.640
2,2538.51,119580,86,119.556
5,1666.66,119604,88,119.584
1,1448.65,119608,86,119.576
9,2688.93,119568,89,119.548
7,2706.93,119552,86,119.528
4,2674.98,119568,91,119.548
8,2485.42,119640,86,119.612
6,1758.91,119652,83,119.628
3,2183.99,119628,81,119.608
0,2230.26,119592,86,119.568
2,2139.39,119576,81,119.556
5,3021.60,119524,82,119.504
7,2130.88,119668,82,119.648
1,2465.43,119604,81,119.576
4,2710.72,119616,87,119.588
9,2146.34,119588,84,119.568
8,2259.70,119524,82,119.504
6,2331.75,119672,78,119.652
3,2581.64,119640,77,119.612
1,1751.92,119648,76,119.628
2,2669.53,119604,78,119.576
5,1986.82,119628,78,119.608
0,3343.59,119604,81,119.576
8,2529.29,119560,77,119.540
7,3681.83,119508,77,119.488
9,3224.93,119576,79,119.556
4,3823.98,119576,81,119.556
0,2614.01,119568,78,119.548
