N,k,ciphertext_raw_bytes,ciphertext_b64_bytes,mqtt_payload_bytes,plaintext_bytes_8k,expansion_ratio_raw,payload_bytes_per_reading,encrypt_ms,decrypt_ms
4096,1,88538,118052,119352,8,11067.2,119352,3.98,1.52
4096,2,88560,118080,119412,16,5535.0,59706,1.55,0.53
4096,3,88523,118032,119372,24,3688.5,39791,1.59,0.53
4096,4,88565,118088,119428,32,2767.7,29857,1.48,0.52
4096,5,88542,118056,119380,40,2213.6,23876,1.53,0.53
4096,6,88531,118044,119380,48,1844.4,19897,1.52,0.49
4096,7,88493,117992,119356,56,1580.2,17051,1.6,0.52
4096,8,88514,118020,119392,64,1383.0,14924,1.46,0.58
4096,9,88588,118120,119484,72,1230.4,13276,1.54,0.74
4096,10,88573,118100,119476,80,1107.2,11948,1.56,0.57
8192,1,432567,576756,582356,8,54070.9,582356,6.09,4.2
8192,2,432472,576632,582252,16,27029.5,291126,3.91,1.96
8192,3,432460,576616,582240,24,18019.2,194080,3.83,1.86
8192,4,432477,576636,582268,32,13514.9,145567,4.65,1.87
8192,5,432486,576648,582268,40,10812.1,116454,3.97,2.77
8192,6,432427,576572,582204,48,9008.9,97034,3.9,2.23
8192,7,432384,576512,582132,56,7721.1,83162,4.18,2.77
8192,8,432434,576580,582224,64,6756.8,72778,3.67,2.1
8192,9,432443,576592,582256,72,6006.2,64695,3.85,2.22
8192,10,432470,576628,582260,80,5405.9,58226,3.9,1.83
