k,runs,transactions,readings,total_energy_J,total_energy_ci_J,energy_per_reading_mJ,reduction_vs_k1_pct,mean_latency_ms,latency_ci_ms,latency_sd_ms,max_latency_ms,bytes_per_msg,min_latency_ms,battery_mean_pct,energy_per_tx_mJ,energy_per_tx_sd_mJ
1,3,150.0,150.0,17.93,0.0,119.54,0.0,12.18,0.74,8.03,77.83,119535.83,6.69,87.82,119.54,0.04
2,3,80.0,150.0,9.57,0.0,63.8,46.63,1113.55,72.21,570.76,2026.8,119620.73,7.11,86.65,119.62,0.05
3,3,50.0,150.0,5.99,0.0,39.9,66.62,2449.82,90.74,567.04,3728.62,119708.56,1271.99,86.44,119.71,0.04
4,3,40.0,150.0,4.79,0.0,31.94,73.28,3480.57,155.28,867.87,5366.35,119764.33,1231.06,84.84,119.76,0.06
5,3,30.0,150.0,3.6,0.0,23.97,79.95,4985.8,184.21,891.62,6700.79,119859.56,2524.43,85.31,119.86,0.04
6,3,30.0,150.0,3.6,0.0,23.97,79.95,4878.88,417.62,2021.39,8411.39,119858.93,1348.2,83.06,119.86,0.12
7,3,30.0,150.0,3.6,0.0,23.97,79.95,5042.75,759.99,3678.53,10545.54,119848.62,6.8,81.77,119.85,0.23
8,3,20.0,150.0,2.4,0.0,16.01,86.61,8270.47,320.72,1267.51,10842.45,120057.2,5584.01,82.13,120.06,0.06
9,3,20.0,150.0,2.4,0.0,16.01,86.61,8194.77,579.63,2290.72,12774.08,120053.0,4724.4,82.27,120.05,0.12
10,3,20.0,150.0,2.4,0.0,16.01,86.61,8298.16,844.54,3337.63,13629.18,120055.73,3082.32,81.17,120.06,0.18
