latency_ms,bytes,battery,energy,batch_size,norm_latency,norm_energy,communication_cost,node_id_1,node_id_2,node_id_3,node_id_4,node_id_5,node_id_6,node_id_7,node_id_8,node_id_9
9995.25,120140,86,120.112,20,0.4827868531377898,0.001732146396532186,0.484518999534322,0,0,0,0,1,0,0,0,0
10166.24,120140,83,120.112,20,0.4910559921153259,0.001732146396532186,0.4927881385118581,0,0,0,0,0,0,1,0,0
9097.52,120080,88,120.06,20,0.4393723017938311,0.0016201170276022858,0.44099241882143336,0,0,0,0,0,0,0,0,1
10568.0,120100,82,120.076,20,0.5104852527481987,0.0016545876026576312,0.5121398403508564,1,0,0,0,0,0,0,0,0
10785.25,120140,85,120.12,20,0.5209915422555951,0.0017493816840599141,0.522740923939655,0,0,1,0,0,0,0,0,0
11888.76,120100,82,120.08,20,0.5743576897092526,0.0016632052464214953,0.5760208949556741,0,0,0,1,0,0,0,0,0
10678.81,120156,86,120.136,20,0.5158440649015454,0.0017838522591152595,0.5176279171606607,0,1,0,0,0,0,0,0,0
12050.08,120104,84,120.076,20,0.5821591839478404,0.0016545876026576312,0.5838137715504981,0,0,0,0,0,0,0,0,0
11138.23,120136,85,120.116,20,0.5380617842363583,0.00174076404029605,0.5398025482766544,0,0,0,0,0,0,0,1,0
12303.89,120060,84,120.036,20,0.5944335284351697,0.0015684111650192123,0.596001939600189,0,0,0,0,0,1,0,0,0
9410.95,582944,87,582.924,5,0.45452989130040544,0.9988193828043535,1.453349274104759,0,0,0,0,0,1,0,0,0
10130.29,583020,85,583.0,5,0.489317436958636,0.9989831180358666,1.4883005549945025,0,0,0,0,1,0,0,0,0
10685.85,582988,86,582.968,5,0.5161845218779877,0.9989141768857557,1.5150986987637434,0,0,0,0,0,0,0,0,1
10593.49,582968,87,582.948,5,0.5117179584768226,0.9988710886669365,1.510589047143759,1,0,0,0,0,0,0,0,0
11635.16,582948,83,582.928,5,0.5620935008987773,0.9988280004481174,1.5609215013468947,0,1,0,0,0,0,0,0,0
11815.65,583036,85,583.016,5,0.5708220633530465,0.9990175886109218,1.5698396519639684,0,0,0,0,0,0,0,1,0
11250.37,583116,84,583.096,5,0.5434849156764479,0.9991899414861987,1.5426748571626465,0,0,0,0,0,0,0,0,0
12718.56,582868,88,582.848,5,0.6144871213927398,0.9986556475728405,1.6131427689655804,0,0,1,0,0,0,0,0,0
12590.55,583072,84,583.052,5,0.6082965109446762,0.9990951474047964,1.6073916583494725,0,0,0,0,0,0,1,0,0
12952.14,583208,87,583.18,5,0.6257831356764575,0.9993709120052394,1.625154047681697,0,0,0,1,0,0,0,0,0
10976.78,582876,82,582.852,5,0.5302540031501942,0.9986642652166042,1.5289182683667986,0,0,1,0,0,0,0,0,0
11357.07,583084,83,583.064,5,0.5486449667256501,0.999121000336088,1.547765967061738,1,0,0,0,0,0,0,0,0
10842.98,583188,83,583.168,5,0.5237833861831532,0.9993450590739479,1.5231284452571012,0,0,0,0,0,0,1,0,0
11899.92,582916,83,582.896,5,0.574897391393499,0.9987590592980065,1.5736564506915056,0,0,0,0,0,0,0,0,1
12002.33,583064,82,583.04,5,0.5798499764726819,0.9990692944735049,1.5789192709461868,0,0,0,1,0,0,0,0,0
12528.34,583116,82,583.096,5,0.6052880125775639,0.9991899414861987,1.6044779540637626,0,0,0,0,0,0,0,1,0
12899.28,583076,84,583.052,5,0.6232268067311826,0.9990951474047964,1.622321954135979,0,0,0,0,1,0,0,0,0
12843.21,582916,85,582.892,5,0.6205152410111378,0.998750441654243,1.6192656826653806,0,1,0,0,0,0,0,0,0
12151.89,583160,83,583.132,5,0.58708275280744,0.9992675002800733,1.5863502530875133,0,0,0,0,0,1,0,0,0
13143.48,583116,80,583.096,5,0.6350364081015218,0.9991899414861987,1.6342263495877205,0,0,0,0,0,0,0,0,0
9851.96,583236,82,583.204,5,0.4758572962976754,0.9994226178678223,1.4752799141654978,0,0,0,0,0,0,0,0,1
10922.95,583200,82,583.176,5,0.5276507646499266,0.9993622943614757,1.5270130590114022,0,0,1,0,0,0,0,0,0
12241.81,583044,79,583.024,5,0.5914313169156338,0.9990348238984497,1.5904661408140834,0,0,0,0,0,0,1,0,0
14208.59,583116,82,583.096,5,0.6865455175018582,0.9991899414861987,1.6857354589880569,0,0,0,0,0,1,0,0,0
13074.63,583140,86,583.12,5,0.6317067969043562,0.9992416473487817,1.630948444253138,0,0,0,1,0,0,0,0,0
14450.85,583268,82,583.244,5,0.6982612997622121,0.999508794305461,1.697770094067673,0,1,0,0,0,0,0,0,0
15420.16,582988,85,582.964,5,0.7451374861024398,0.998905559241992,1.7440430453444318,1,0,0,0,0,0,0,0,0
15174.36,583168,83,583.148,5,0.7332505081465455,0.9993019708551287,1.7325524790016742,0,0,0,0,0,0,0,1,0
15201.35,583136,82,583.108,5,0.7345557544241271,0.9992157944174902,1.7337715488416174,0,0,0,0,1,0,0,0,0
18252.39,583112,82,583.088,5,0.8821051654190497,0.999172706198671,1.8812778716177208,0,0,0,0,0,0,0,0,0
14228.5,583244,78,583.224,5,0.6875083723883588,0.9994657060866419,1.6869740784750007,0,1,0,0,0,0,0,0,0
13963.12,583304,83,583.276,5,0.6746744984667346,0.9995777354555715,1.674252233922306,0,0,1,0,0,0,0,0,0
14542.87,583140,81,583.108,5,0.7027114206389468,0.9992157944174902,1.701927215056437,0,0,0,0,0,0,0,0,1
15440.63,583132,83,583.112,5,0.7461274227938847,0.9992244120612541,1.7453518348551387,0,0,0,0,0,0,1,0,0
15778.47,583228,77,583.208,5,0.7624654888338332,0.9994312355115862,1.7618967243454193,0,0,0,0,1,0,0,0,0
15673.32,583236,81,583.212,5,0.7573803963518874,0.9994398531553501,1.7568202495072374,0,0,0,1,0,0,0,0,0
15586.39,583168,80,583.144,5,0.7531764297379496,0.9992933532113648,1.7524697829493143,0,0,0,0,0,0,0,0,0
17477.22,583160,80,583.14,5,0.8446176605286079,0.9992847355676009,1.8439023960962087,0,0,0,0,0,1,0,0,0
18352.88,583204,80,583.18,5,0.8869648985955666,0.9993709120052394,1.886335810600806,0,0,0,0,0,0,0,1,0
18098.92,583060,82,583.04,5,0.8746833000533414,0.9990692944735049,1.8737525945268463,1,0,0,0,0,0,0,0,0
14556.83,583220,79,583.2,5,0.7033865313479146,0.9994140002240588,1.7028005315719734,0,1,0,0,0,0,0,0,0
14663.0,583252,80,583.224,5,0.7085209514031517,0.9994657060866419,1.7079866574897937,0,0,0,0,0,0,0,0,0
15750.62,583184,79,583.156,5,0.7611186526415157,0.9993192061426563,1.760437858784172,0,0,0,0,0,1,0,0,0
15622.13,583232,80,583.204,5,0.7549048292177855,0.9994226178678223,1.7543274470856076,0,0,0,0,0,0,0,0,1
16445.99,583312,81,583.288,5,0.7947470003273998,0.9996035883868633,1.794350588714263,0,0,0,1,0,0,0,0,0
15955.9,583328,79,583.3,5,0.7710460685682284,0.9996294413181546,1.7706755098863831,0,0,1,0,0,0,0,0,0
16559.36,583456,78,583.44,5,0.8002296150176346,0.9999310588498893,1.800160673867524,0,0,0,0,0,0,1,0,0
17467.26,583172,82,583.152,5,0.8441359912835275,0.9993105884988926,1.84344657978242,0,0,0,0,0,0,0,1,0
17759.03,583192,78,583.172,5,0.8582460952631504,0.9993536767177118,1.8575997719808623,0,0,0,0,1,0,0,0,0
18308.01,583412,81,583.392,5,0.8847949689744071,0.9998276471247232,1.8846226160991302,1,0,0,0,0,0,0,0,0
15633.75,583496,77,583.472,5,0.7554667766703791,0.9999999999999998,1.7554667766703789,0,0,0,0,0,0,0,0,0
15651.86,583472,78,583.452,5,0.7563425828981303,0.9999569117811806,1.756299494679311,1,0,0,0,0,0,0,0,0
17032.43,583340,82,583.316,5,0.8231074533479639,0.99966391189321,1.822771365241174,0,0,0,0,0,0,1,0,0
17124.64,583356,79,583.332,5,0.8275667626942332,0.9996983824682655,1.8272651451624986,0,0,0,0,0,0,0,1,0
17054.96,583444,76,583.424,5,0.8241970123933109,0.9998965882748339,1.8240936006681447,0,1,0,0,0,0,0,0,0
19323.41,583312,77,583.288,5,0.93390008458228,0.9996035883868633,1.9335036729691433,0,0,1,0,0,0,0,0,0
20167.13,583304,73,583.284,5,0.9747026925600962,0.9995949707430993,1.9742976633031954,0,0,0,0,1,0,0,0,0
19469.13,583388,77,583.364,5,0.9409471571117062,0.9997673236183762,1.9407144807300822,0,0,0,1,0,0,0,0,0
19954.42,583220,79,583.2,5,0.9644159591142121,0.9994140002240588,1.9638299593382709,0,0,0,0,0,0,0,0,1
20690.23,583304,77,583.284,5,1.0,0.9995949707430993,1.9995949707430993,0,0,0,0,0,1,0,0,0
23.87,119372,99,119.348,20,0.0005672670928504519,8.617643763836336e-05,0.0006534435304888153,0,0,0,0,0,0,0,0,1
18.84,119460,99,119.436,20,0.00032401445201176696,0.0002757646004429293,0.0005997790524546962,0,0,1,0,0,0,0,0,0
29.89,119508,98,119.488,20,0.0008583964960013231,0.0003877939693728294,0.0012461904653741525,0,0,0,0,0,0,0,1,0
16.26,119372,99,119.352,20,0.00019924470780425076,9.479408140222745e-05,0.0002940387892064782,0,0,0,1,0,0,0,0,0
14.85,119452,98,119.432,20,0.00013105659178386394,0.0002671469566790652,0.0003982035484629291,0,0,0,0,0,0,1,0,0
13.74,119464,98,119.444,20,7.737658555504877e-05,0.00029299988797060195,0.0003703764735256507,0,0,0,0,0,0,0,0,0
19.49,119412,98,119.392,20,0.00035544868989350546,0.00018097051904064632,0.0005364192089341518,0,1,0,0,0,0,0,0,0
19.58,119372,98,119.352,20,0.00035980112283097703,9.479408140222745e-05,0.0004545952042332045,1,0,0,0,0,0,0,0,0
15.97,119460,98,119.444,20,0.00018522020167239812,0.00029299988797060195,0.00047822008964300007,0,0,0,1,0,0,0,0,0
15.98,119444,98,119.428,20,0.00018570380533211714,0.0002585293129152011,0.00044423311824731823,0,0,1,0,0,0,0,0,0
14.91,119464,98,119.44,20,0.00013395821374217825,0.00028438224420673786,0.0004183404579489161,0,0,0,0,0,1,0,0,0
16.58,119516,99,119.484,20,0.00021472002491526045,0.0003791763256090208,0.0005938963505242813,0,0,0,0,1,0,0,0,0
18.97,119440,96,119.424,20,0.0003303012995881146,0.0002499116691513925,0.0005802129687395071,0,0,0,0,0,0,0,1,0
18.82,119348,97,119.32,20,0.0003230472446923289,2.585293129148125e-05,0.0003489001759838102,0,0,0,0,0,0,0,0,1
14.17,119372,96,119.348,20,9.817154292296817e-05,8.617643763836336e-05,0.00018434798056133153,0,0,0,1,0,0,0,0,0
12.58,119460,96,119.44,20,2.1278561027638417e-05,0.00028438224420673786,0.00030566080523437627,1,0,0,0,0,0,0,0,0
19.85,119452,97,119.432,20,0.00037285842164339164,0.0002671469566790652,0.0006400053783224568,0,0,1,0,0,0,0,0,0
23.82,119500,94,119.472,20,0.0005648490745518565,0.00035332339431748405,0.0009181724688693406,0,0,0,0,0,0,0,1,0
20.98,119396,97,119.376,20,0.00042750563519164484,0.00014649994398530097,0.0005740055791769458,0,1,0,0,0,0,0,0,0
21.84,119432,96,119.412,20,0.00046909554992748364,0.00022405873785985575,0.0006931542877873394,0,0,0,0,0,1,0,0,0
19.15,119356,96,119.34,20,0.00033900616546305763,6.894115011069069e-05,0.0004079473155737483,0,0,0,0,0,0,1,0,0
23.59,119424,97,119.404,20,0.0005537261903783182,0.00020682345033218308,0.0007605496407105013,0,0,0,0,0,0,0,0,0
17.91,119432,98,119.412,20,0.0002790393116578948,0.00022405873785985575,0.0005030980495177506,0,0,0,0,1,0,0,0,0
12.82,119444,95,119.424,20,3.288504886089566e-05,0.0002499116691513925,0.00028279671801228817,0,1,0,0,0,0,0,0,0
13.73,119500,92,119.472,20,7.689298189532975e-05,0.00035332339431748405,0.0004302163762128138,0,0,0,0,0,0,0,1,0
16.18,119520,94,119.504,20,0.0001953758785264982,0.00042226454442823025,0.0006176404229547285,1,0,0,0,0,0,0,0,0
13.99,119460,96,119.44,20,8.946667704802513e-05,0.00028438224420673786,0.000373848921254763,0,0,0,0,0,0,0,0,0
14.15,119512,94,119.484,20,9.720433560353003e-05,0.0003791763256090208,0.00047638066121255085,0,0,0,1,0,0,0,0,0
16.32,119432,95,119.412,20,0.00020214632976256507,0.00022405873785985575,0.0004262050676224208,0,0,1,0,0,0,0,0,0
20.35,119396,95,119.372,20,0.00039703860462934437,0.00013788230022143688,0.0005349209048507813,0,0,0,0,0,0,0,0,1
31.77,119476,90,119.456,20,0.0009493139840285054,0.0003188528192621387,0.0012681668032906441,0,0,0,0,0,0,0,1,0
23.82,119448,97,119.424,20,0.0005648490745518565,0.0002499116691513925,0.000814760743703249,0,0,0,0,1,0,0,0,0
18.78,119472,93,119.448,20,0.00032111283005345265,0.0003016175317344105,0.0006227303617878632,0,1,0,0,0,0,0,0,0
16.1,119396,94,119.376,20,0.00019150704924874586,0.00014649994398530097,0.00033800699323404684,0,0,0,0,0,0,1,0,0
15.65,119432,93,119.412,20,0.00016974488456138832,0.00022405873785985575,0.00039380362242124407,1,0,0,0,0,0,0,0,0
16.86,119416,94,119.396,20,0.00022826092738739397,0.0001895881628045104,0.0004178490901919044,0,0,0,0,0,1,0,0,0
20.53,119512,93,119.484,20,0.0004057434705042873,0.0003791763256090208,0.0007849197961133081,0,0,0,1,0,0,0,0,0
18.5,119416,93,119.396,20,0.00030757192758131913,0.0001895881628045104,0.0004971600903858295,0,0,1,0,0,0,0,0,0
21.43,119448,94,119.428,20,0.0004492677998790024,0.0002585293129152011,0.0007077971127942035,0,0,0,0,0,0,0,0,1
25.78,119436,93,119.416,20,0.0006596353918567914,0.00023267638162366433,0.0008923117734804557,0,0,0,0,0,0,1,0,0
22.38,119392,94,119.372,20,0.0004952101475523124,0.00013788230022143688,0.0006330924477737493,0,0,0,0,0,0,0,0,0
22.06,119476,95,119.448,20,0.00047973483044130264,0.0003016175317344105,0.0007813523621757132,0,0,0,0,1,0,0,0,0
19.65,119460,91,119.44,20,0.00036318634844901036,0.00028438224420673786,0.0006475685926557482,0,1,0,0,0,0,0,0,0
12.39,119432,93,119.408,20,1.2090091492976364e-05,0.00021544109409599166,0.00022753118558896802,0,0,0,0,0,1,0,0,0
13.83,119416,88,119.4,20,8.172901849252024e-05,0.000198205806568319,0.0002799348250608392,0,0,0,0,0,0,0,1,0
18.6,119520,91,119.496,20,0.0003124079641785097,0.00040502925690050207,0.0007174372210790118,0,0,1,0,0,0,0,0,0
33.04,119424,91,119.404,20,0.0010107316488128255,0.00020682345033218308,0.0012175550991450085,1,0,0,0,0,0,0,0,0
26.73,119404,93,119.384,20,0.0007055777395301016,0.00016373523151297364,0.0008693129710430753,0,0,0,0,0,0,0,0,0
30.29,119560,91,119.544,20,0.0008777406423900853,0.0005084409820666491,0.0013861816244567344,0,0,0,1,0,0,0,0,0
19.37,119488,93,119.46,20,0.00034964544597687695,0.0003274704630259473,0.0006771159090028242,0,0,0,0,0,0,0,0,1
15.74,119436,89,119.412,20,0.0001740973174988599,0.00022405873785985575,0.00039815605535871565,0,0,1,0,0,0,0,0,0
14.54,119464,86,119.444,20,0.00011606487833257316,0.00029299988797060195,0.0004090647663031751,0,0,0,0,0,0,0,1,0
16.1,119400,91,119.384,20,0.00019150704924874586,0.00016373523151297364,0.0003552422807617195,0,0,0,0,0,1,0,0,0
14.21,119432,92,119.412,20,0.00010010595756184445,0.00022405873785985575,0.0003241646954217002,0,0,0,0,0,0,1,0,0
26.29,119424,90,119.404,20,0.0006842991785024632,0.00020682345033218308,0.0008911226288346463,1,0,0,0,0,0,0,0,0
21.22,119512,89,119.484,20,0.0004391121230249021,0.0003791763256090208,0.0008182884486339229,0,1,0,0,0,0,0,0,0
17.92,119448,93,119.428,20,0.00027952291531761395,0.0002585293129152011,0.000538052228232815,0,0,0,0,1,0,0,0,0
20.76,119416,90,119.4,20,0.00041686635467782563,0.000198205806568319,0.0006150721612461446,0,0,0,1,0,0,0,0,0
15.72,119400,85,119.376,20,0.00017313011017942176,0.00014649994398530097,0.00031963005416472273,0,0,0,0,0,0,0,1,0
16.41,119436,88,119.416,20,0.00020649876270003654,0.00023267638162366433,0.00043917514432370087,0,0,1,0,0,0,0,0,0
18.72,119472,91,119.452,20,0.00031821120809513823,0.0003102351754982746,0.0006284463835934128,0,0,0,0,0,0,0,0,0
17.44,119508,91,119.492,20,0.00025630993965109925,0.0003964116131366935,0.0006527215527877927,0,0,0,0,0,0,1,0,0
15.12,119440,91,119.42,20,0.00014411389059627833,0.00024129402538752842,0.00038540791598380675,0,0,0,0,0,0,0,0,1
14.26,119500,88,119.472,20,0.00010252397586043964,0.00035332339431748405,0.0004558473701779237,0,0,0,1,0,0,0,0,0
17.96,119476,88,119.456,20,0.0002814573299564901,0.0003188528192621387,0.0006003101492186288,0,1,0,0,0,0,0,0,0
16.68,119460,91,119.44,20,0.00021955606151245104,0.00028438224420673786,0.0005039383057191889,0,0,0,0,1,0,0,0,0
13.79,119408,90,119.388,20,7.979460385364406e-05,0.00017235287527683774,0.0002521474791304818,0,0,0,0,0,1,0,0,0
16.97,119456,88,119.436,20,0.00023358056764430357,0.0002757646004429293,0.0005093451680872328,1,0,0,0,0,0,0,0,0
18.29,119420,90,119.4,20,0.00029741625072721893,0.000198205806568319,0.0004956220572955379,0,0,0,0,0,0,1,0,0
31.68,119328,88,119.308,20,0.0009449615510910339,0.0,0.0009449615510910339,0,0,0,0,0,1,0,0,0
30.36,119440,90,119.42,20,0.0008811258680081187,0.00024129402538752842,0.0011224198933956471,0,0,0,0,0,0,0,0,0
30.07,119452,83,119.432,20,0.000867101361876266,0.0002671469566790652,0.0011342483185553312,0,0,0,0,0,0,0,1,0
20.8,119416,89,119.4,20,0.0004188007693167019,0.000198205806568319,0.0006170065758850209,0,0,0,0,1,0,0,0,0
15.55,119392,86,119.368,20,0.00016490884796419784,0.0001292646564575728,0.00029417350442177063,0,0,1,0,0,0,0,0,0
14.07,119420,89,119.4,20,9.333550632577758e-05,0.000198205806568319,0.00029154131289409657,0,0,0,0,0,0,0,0,1
12.62,119416,87,119.392,20,2.3212975666514588e-05,0.00018097051904064632,0.0002041834947071609,0,0,0,1,0,0,0,0,0
14.26,119452,88,119.432,20,0.00010252397586043964,0.0002671469566790652,0.0003696709325395048,0,0,0,0,0,0,1,0,0
14.53,119508,86,119.488,20,0.00011558127467285414,0.0003877939693728294,0.0005033752440456835,0,0,0,0,0,1,0,0,0
35.62,119428,87,119.408,20,0.0011355013930203417,0.00021544109409599166,0.0013509424871163333,1,0,0,0,0,0,0,0,0
18.17,119436,86,119.416,20,0.0002916130068105903,0.00023267638162366433,0.0005242893884342546,0,1,0,0,0,0,0,0,0
20.1,119488,88,119.468,20,0.000384948513136368,0.00034470575055367547,0.0007296542636900435,0,0,0,0,1,0,0,0,0
18.88,119408,89,119.392,20,0.0003259488666506431,0.00018097051904064632,0.0005069193856912894,0,0,0,0,0,0,0,0,0
22.22,119436,82,119.416,20,0.00048747248899680753,0.00023267638162366433,0.0007201488706204719,0,0,0,0,0,0,0,1,0
16.27,119428,86,119.408,20,0.00019972831146396978,0.00021544109409599166,0.00041516940555996144,0,0,0,0,0,0,1,0,0
15.54,119412,84,119.392,20,0.00016442524430447872,0.00018097051904064632,0.00034539576334512503,0,1,0,0,0,0,0,0,0
12.94,119456,86,119.436,20,3.8688292777524385e-05,0.0002757646004429293,0.00031445289322045366,0,0,0,1,0,0,0,0,0
15.54,119400,85,119.376,20,0.00016442524430447872,0.00014649994398530097,0.0003109251882897797,1,0,0,0,0,0,0,0,0
13.55,119368,87,119.352,20,6.818811602038672e-05,9.479408140222745e-05,0.00016298219742261416,0,0,0,0,1,0,0,0,0
16.51,119500,87,119.48,20,0.00021133479929722713,0.0003705586818451567,0.0005818934811423838,0,0,0,0,0,0,0,0,1
16.21,119432,85,119.412,20,0.00019682668950565547,0.00022405873785985575,0.0004208854273655112,0,0,0,0,0,1,0,0,0
40.68,119444,88,119.424,20,0.0013802048448381837,0.0002499116691513925,0.0016301165139895762,0,0,0,0,0,0,0,0,0
18.26,119460,85,119.44,20,0.0002959654397480619,0.00028438224420673786,0.0005803476839547997,0,0,1,0,0,0,0,0,0
28.87,119500,81,119.48,20,0.0008090689227099794,0.0003705586818451567,0.0011796276045551361,0,0,0,0,0,0,0,1,0
30.5,119340,84,119.316,20,0.0008878963192441853,1.723528752767267e-05,0.000905131606771858,0,0,0,0,0,1,0,0,0
12.14,119416,83,119.4,20,0.0,0.000198205806568319,0.000198205806568319,0,1,0,0,0,0,0,0,0
12.52,119396,87,119.368,20,1.8376939069324e-05,0.0001292646564575728,0.0001476415955268968,0,0,0,0,0,0,0,0,0
14.37,119524,86,119.504,20,0.00010784361611734924,0.00042226454442823025,0.0005301081605455795,0,0,0,0,0,0,0,0,1
14.28,119436,85,119.412,20,0.00010349118317987778,0.00022405873785985575,0.0003275499210397335,0,0,0,0,0,0,1,0,0
34.53,119464,85,119.444,20,0.0010827885941109647,0.00029299988797060195,0.0013757884820815667,0,0,0,0,1,0,0,0,0
27.1,119412,85,119.392,20,0.0007234710749397066,0.00018097051904064632,0.0009044415939803529,0,0,0,1,0,0,0,0,0
22.6,119476,83,119.448,20,0.0005058494280661319,0.0003016175317344105,0.0008074669598005424,1,0,0,0,0,0,0,0,0
20.63,119492,80,119.468,20,0.0004105795071014779,0.00034470575055367547,0.0007552852576551534,0,0,0,0,0,0,0,1,0
18.63,119436,85,119.416,20,0.00031385877515766676,0.00023267638162366433,0.0005465351567813311,0,0,0,0,0,0,0,0,0
15.46,119496,84,119.48,20,0.00016055641502672638,0.0003705586818451567,0.0005311150968718831,0,0,1,0,0,0,0,0,0
13.53,119404,83,119.384,20,6.722090870094858e-05,0.00016373523151297364,0.00023095614021392222,0,0,0,1,0,0,0,0,0
14.13,119448,82,119.428,20,9.6237128284092e-05,0.0002585293129152011,0.0003547664411992931,0,1,0,0,0,0,0,0,0
26.23,119420,83,119.404,20,0.0006813975565441489,0.00020682345033218308,0.000888221006876332,0,0,0,0,0,0,1,0,0
66.58,119424,83,119.404,20,0.002632738323510537,0.00020682345033218308,0.00283956177384272,0,0,1,0,0,0,0,0,0
65.0,119380,83,119.36,20,0.002556328945274926,0.00011202936892990012,0.0026683583142048262,0,0,0,0,1,0,0,0,0
26.13,119432,85,119.412,20,0.0006765615199469583,0.00022405873785985575,0.0009006202578068141,0,0,0,0,0,0,0,0,1
22.44,119496,83,119.472,20,0.000498111769510627,0.00035332339431748405,0.000851435163828111,0,0,0,0,0,1,0,0,0
23.33,119368,82,119.352,20,0.0005411524952256227,9.479408140222745e-05,0.0006359465766278501,1,0,0,0,0,0,0,0,0
13.33,119372,81,119.344,20,5.754883550656751e-05,7.755879387449927e-05,0.00013510762938106677,0,0,1,0,0,0,0,0,0
14.27,119428,78,119.412,20,0.00010300757952015865,0.00022405873785985575,0.0003270663173800144,0,0,0,0,0,0,0,1,0
16.92,119404,84,119.384,20,0.0002311625493457085,0.00016373523151297364,0.00039489778085868214,0,0,0,0,0,0,0,0,0
20.0,119440,82,119.424,20,0.0003801124765391774,0.0002499116691513925,0.0006300241456905699,0,0,0,0,0,0,1,0,0
29.15,119472,81,119.448,20,0.0008226098251821129,0.0003016175317344105,0.0011242273569165235,0,0,0,1,0,0,0,0,0
19.39,119532,80,119.508,20,0.0003506126532963151,0.00043088218819203883,0.0007814948414883539,0,1,0,0,0,0,0,0,0
21.45,119436,84,119.416,20,0.0004502350071984404,0.00023267638162366433,0.0006829113888221047,0,0,0,0,0,0,0,0,1
19.37,119408,81,119.388,20,0.00034964544597687695,0.00017235287527683774,0.0005219983212537147,0,0,0,0,0,1,0,0,0
16.5,119416,77,119.396,20,0.000210851195637508,0.0001895881628045104,0.0004004393584420184,0,0,0,0,0,0,0,1,0
15.55,119424,80,119.4,20,0.00016490884796419784,0.000198205806568319,0.00036311465453251683,0,0,1,0,0,0,0,0,0
14.32,119440,82,119.42,20,0.00010542559781875395,0.00024129402538752842,0.00034671962320628237,0,0,0,0,1,0,0,0,0
38.1,119500,80,119.472,20,0.0012554351006306675,0.00035332339431748405,0.0016087584949481515,1,0,0,0,0,0,0,0,0
20.11,119488,83,119.464,20,0.000385432116796087,0.0003360881067898114,0.0007215202235858984,0,0,0,0,0,0,0,0,0
16.65,119536,75,119.516,20,0.00021810525053329378,0.000448117475719767,0.0006662227262530608,0,0,0,0,0,0,0,1,0
16.41,119460,79,119.44,20,0.00020649876270003654,0.00028438224420673786,0.0004908810069067744,0,1,0,0,0,0,0,0,0
17.04,119480,82,119.456,20,0.000236965793262337,0.0003188528192621387,0.0005558186125244757,0,0,0,0,0,0,0,0,1
20.69,119484,79,119.464,20,0.0004134811290597922,0.0003360881067898114,0.0007495692358496036,0,0,0,1,0,0,0,0,0
13.48,119372,81,119.344,20,6.480289040235339e-05,7.755879387449927e-05,0.00014236168427685266,0,0,0,0,0,0,1,0,0
24.08,119432,79,119.412,20,0.0005774227697045518,0.00022405873785985575,0.0008014815075644075,0,0,0,0,0,1,0,0,0
29.77,119480,81,119.456,20,0.0008525932520846943,0.0003188528192621387,0.001171446071346833,0,0,0,0,0,0,0,0,0
26.54,119360,78,119.34,20,0.0006963892699954396,6.894115011069069e-05,0.0007653304201061303,0,0,1,0,0,0,0,0,0
19.56,119396,80,119.368,20,0.0003588339155115389,0.0001292646564575728,0.0004880985719691117,0,0,0,0,1,0,0,0,0
21.02,119496,79,119.476,20,0.0004294400498305209,0.00036194103808134814,0.000791381087911869,0,0,0,0,0,0,1,0,0
24.67,119432,80,119.412,20,0.0006059553856279762,0.00022405873785985575,0.000830014123487832,0,0,0,0,0,0,0,0,0
14.89,119464,77,119.444,20,0.00013299100642274022,0.00029299988797060195,0.00042599089439334216,0,0,0,1,0,0,0,0,0
19.3,119432,81,119.416,20,0.0003462602203588435,0.00023267638162366433,0.0005789366019825078,0,0,0,0,0,0,0,0,1
15.22,119428,78,119.408,20,0.00014894992719346903,0.00021544109409599166,0.0003643910212894607,1,0,0,0,0,0,0,0,0
15.92,119476,77,119.448,20,0.00018280218337380283,0.0003016175317344105,0.00048441971510821335,0,1,0,0,0,0,0,0,0
31.63,119404,77,119.384,20,0.0009425435327924385,0.00016373523151297364,0.0011062787643054122,0,0,0,0,0,1,0,0,0
18.34,119412,77,119.392,20,0.00029983426902581423,0.00018097051904064632,0.00048080478806646054,0,0,0,0,0,0,1,0,0
27.13,119500,78,119.476,20,0.0007249218859188638,0.00036194103808134814,0.001086862924000212,0,0,0,0,1,0,0,0,0
23.45,119424,77,119.404,20,0.0005469557391422515,0.00020682345033218308,0.0007537791894744346,1,0,0,0,0,0,0,0,0
29.9,119472,76,119.452,20,0.000858880099661042,0.0003102351754982746,0.0011691152751593166,0,1,0,0,0,0,0,0,0
30.45,119408,80,119.388,20,0.0008854783009455902,0.00017235287527683774,0.0010578311762224279,0,0,0,0,0,0,0,0,1
15.05,119432,76,119.408,20,0.000140728664978245,0.00021544109409599166,0.00035616975907423667,0,0,0,0,1,0,0,0,0
19.76,119412,75,119.392,20,0.0003685059887059202,0.00018097051904064632,0.0005494765077465665,0,0,0,0,0,1,0,0,0
31.08,119464,75,119.444,20,0.0009159453315078906,0.00029299988797060195,0.0012089452194784926,1,0,0,0,0,0,0,0,0
29.74,119416,79,119.396,20,0.0008511424411055371,0.0001895881628045104,0.0010407306039100475,0,0,0,0,0,0,0,0,1
65.11,582148,98,582.124,5,0.002561648585531836,0.9970958540515851,0.999657502637117,0,0,0,0,0,0,0,1,0
85.3,582296,98,582.272,5,0.003538044374504608,0.9974147068708474,1.000952751245352,0,0,0,0,0,0,0,0,0
59.26,582328,99,582.3,5,0.0022787404445961884,0.997475030377194,0.9997537708217902,0,0,0,0,1,0,0,0,0
78.92,582280,99,582.252,5,0.0032295052396038512,0.9973716186520281,1.000601123891632,0,0,0,0,0,1,0,0,0
55.8,582356,99,582.34,5,0.002111413578333395,0.9975612068148327,0.9996726203931662,0,0,1,0,0,0,0,0,0
54.5,582304,98,582.276,5,0.002048545102569918,0.9974233245146109,0.9994718696171808,0,0,0,0,0,0,1,0,0
75.42,582404,99,582.384,5,0.0030602439587021817,0.997656000896235,1.0007162448549372,0,0,0,1,0,0,0,0,0
69.79,582336,97,582.312,5,0.002787975098280354,0.9975008833084857,1.0002888584067662,0,0,0,0,0,0,0,1,0
70.24,582208,99,582.188,5,0.002809737262967711,0.9972337363518065,1.000043473614774,1,0,0,0,0,0,0,0,0
73.03,582276,97,582.256,5,0.0029446626840293278,0.9973802362957918,1.000324898979821,0,0,0,0,1,0,0,0,0
62.7,582240,98,582.22,5,0.0024451001035395437,0.9973026775019174,0.9997477776054569,0,1,0,0,0,0,0,0,0
56.14,582368,96,582.348,5,0.002127856102763843,0.9975784421023601,0.999706298205124,0,0,0,0,0,0,0,1,0
60.93,582368,98,582.348,5,0.0023595022557692706,0.9975784421023601,0.9999379443581294,0,0,0,0,0,0,0,0,1
54.06,582212,98,582.192,5,0.00202726654154228,0.9972423539955704,0.9992696205371127,0,0,0,1,0,0,0,0,0
59.84,582316,98,582.296,5,0.0023067894568598937,0.9974664127334305,0.9997732021902904,1,0,0,0,0,0,0,0,0
53.19,582300,98,582.28,5,0.0019851930231467216,0.9974319421583748,0.9994171351815215,0,0,0,0,0,1,0,0,0
62.09,582304,97,582.284,5,0.002415600280296681,0.9974405598021387,0.9998561600824354,0,0,1,0,0,0,0,0,0
77.81,582324,97,582.304,5,0.003175825233375036,0.9974836480209579,1.000659473254333,0,0,0,0,0,0,1,0,0
110.77,582144,96,582.124,5,0.004769782895809042,0.9970958540515851,1.0018656369473942,0,0,0,0,0,0,0,0,0
92.84,582380,96,582.356,5,0.003902681533932776,0.997595677389888,1.0014983589238207,1,0,0,0,0,0,0,0,0
76.49,582192,97,582.168,5,0.0031119895502921204,0.9971906481329873,1.0003026376832793,0,0,0,0,0,1,0,0,0
62.13,582472,95,582.448,5,0.0024175346949355573,0.9977938831964563,1.000211417891392,0,0,0,0,1,0,0,0,0
59.51,582336,96,582.316,5,0.0022908305360891646,0.9975095009522497,0.9998003314883388,0,1,0,0,0,0,0,0,0
56.09,582432,95,582.408,5,0.002125438084465248,0.997707706758818,0.9998331448432833,0,0,0,0,0,0,0,0,0
62.29,582384,96,582.364,5,0.002425272353491062,0.9976129126774158,1.0000381850309068,0,0,0,1,0,0,0,0,0
57.16,582304,96,582.276,5,0.0021771836760551867,0.9974233245146109,0.9996005081906661,0,0,0,0,0,0,1,0,0
52.86,582304,95,582.276,5,0.001969234102375993,0.9974233245146109,0.999392558616987,0,0,0,0,0,1,0,0,0
57.93,582376,95,582.356,5,0.0022144211578535543,0.997595677389888,0.9998100985477415,0,1,0,0,0,0,0,0,0
53.23,582340,94,582.32,5,0.001987127437785598,0.9975181185960136,0.9995052460337992,0,0,0,0,0,0,0,1,0
55.1,582352,96,582.328,5,0.0020775613221530615,0.997535353883541,0.9996129152056941,0,0,1,0,0,0,0,0,0
55.52,582352,97,582.328,5,0.002097872675861262,0.997535353883541,0.9996332265594022,0,0,0,0,0,0,0,0,1
64.65,582132,94,582.112,5,0.0025394028171847596,0.9970700011202935,0.9996094039374783,0,0,0,0,0,0,0,0,0
73.3,582436,94,582.42,5,0.0029577199828417417,0.9977335596901094,1.000691279672951,0,0,0,1,0,0,0,0,0
67.38,582140,93,582.116,5,0.002671426616288061,0.9970786187640575,0.9997500453803455,0,0,0,0,0,0,0,1,0
54.5,582260,95,582.24,5,0.002048545102569918,0.9973457657207365,0.9993943108233064,1,0,0,0,0,0,0,0,0
57.45,582232,93,582.208,5,0.0021912081821870394,0.9972768245706258,0.9994680327528128,0,0,0,0,1,0,0,0,0
53.2,582272,93,582.248,5,0.001985676626806441,0.9973630010082644,0.9993486776350708,0,0,0,0,0,0,0,0,0
65.67,582244,95,582.224,5,0.002588730390476103,0.9973112951456813,0.9999000255361574,0,0,0,0,0,0,0,0,1
60.6,582260,93,582.228,5,0.002343543334998542,0.997319912789445,0.9996634561244435,0,0,0,1,0,0,0,0,0
61.82,582356,95,582.336,5,0.002402542981484267,0.9975525891710688,0.999955132152553,0,0,0,0,0,0,1,0,0
59.84,582356,94,582.336,5,0.0023067894568598937,0.9975525891710688,0.9998593786279287,0,0,0,0,0,1,0,0,0
75.67,582332,95,582.308,5,0.0030723340501951583,0.9974922656647218,1.000564599714917,0,0,1,0,0,0,0,0,0
71.35,582260,94,582.236,5,0.0028634172691965262,0.9973371480769726,1.0002005653461692,0,1,0,0,0,0,0,0,0
62.41,582336,92,582.312,5,0.0024310755974076906,0.9975008833084857,0.9999319589058935,0,0,0,0,0,0,0,1,0
81.36,582304,94,582.276,5,0.0033475045325753005,0.9974233245146109,1.0007708290471862,0,0,0,0,0,0,1,0,0
77.01,582324,94,582.304,5,0.0031371369405975118,0.9974836480209579,1.0006207849615554,1,0,0,0,0,0,0,0,0
56.77,582260,92,582.24,5,0.0021583231333261437,0.9973457657207365,0.9995040888540626,0,0,0,0,0,0,0,0,0
104.63,582304,91,582.276,5,0.004472850248741542,0.9974233245146109,1.0018961747633524,0,0,0,0,0,0,0,1,0
130.66,582304,93,582.276,5,0.005731670574990242,0.9974233245146109,1.003154995089601,0,0,0,0,0,0,1,0,0
89.2,582320,94,582.296,5,0.00372664980179504,0.9974664127334305,1.0011930625352254,0,0,1,0,0,0,0,0,0
84.47,582140,92,582.124,5,0.003497905270747927,0.9970958540515851,1.000593759322333,0,0,0,1,0,0,0,0,0
63.0,582376,92,582.352,5,0.002459608213331115,0.997587059746124,1.000046667959455,0,0,0,0,1,0,0,0,0
56.75,582388,94,582.368,5,0.0021573559260067055,0.9976215303211795,0.9997788862471862,0,0,0,0,0,0,0,0,1
61.38,582176,91,582.16,5,0.0023812644204566284,0.9971734128454597,0.9995546772659163,0,0,0,0,0,0,0,0,0
72.02,582400,92,582.38,5,0.002895818714397703,0.997647383252471,1.0005432019668687,0,1,0,0,0,0,0,0,0
60.84,582348,92,582.328,5,0.002355149822831799,0.997535353883541,0.9998905037063728,0,0,0,0,0,1,0,0,0
56.59,582348,92,582.324,5,0.002149618267451201,0.9975267362397771,0.9996763545072282,0,0,1,0,0,0,0,0,0
58.1,582164,91,582.144,5,0.0022226424200687783,0.9971389422704042,0.999361584690473,0,0,0,1,0,0,0,0,0
69.09,582304,90,582.276,5,0.00275412284210002,0.9974233245146109,1.0001774473567109,0,1,0,0,0,0,0,0,0
61.74,582444,91,582.424,5,0.0023986741522065143,0.9977421773338733,1.0001408514860797,0,0,0,0,0,1,0,0,0
56.28,582392,93,582.372,5,0.00213462655399991,0.9976301479649432,0.9997647745189431,0,0,0,0,0,0,0,0,1
57.89,582252,93,582.232,5,0.002212486743214678,0.9973285304332087,0.9995410171764234,1,0,0,0,0,0,0,0,0
81.86,582340,89,582.316,5,0.0033716847155612537,0.9975095009522497,1.0008811856678108,0,0,0,0,0,0,0,1,0
54.04,582372,90,582.352,5,0.0020262993342228417,0.997587059746124,0.9996133590803469,0,0,0,0,1,0,0,0,0
53.06,582500,92,582.476,5,0.001978906175570374,0.9978542067028031,0.9998331128783735,0,0,0,0,0,0,1,0,0
53.66,582228,91,582.208,5,0.002007922395153517,0.9972768245706258,0.9992847469657794,1,0,0,0,0,0,0,0,0
56.62,582392,92,582.372,5,0.002151069078430358,0.9976301479649432,0.9997812170433735,0,0,0,0,0,0,0,0,1
57.11,582392,90,582.372,5,0.0021747656577565913,0.9976301479649432,0.9998049136226997,0,0,0,0,0,0,0,0,0
55.15,582280,89,582.252,5,0.0020799793404516565,0.9973716186520281,0.9994515979924797,0,0,0,1,0,0,0,0,0
76.03,582364,90,582.344,5,0.003089743781945044,0.9975698244585964,1.0006595682405415,0,0,1,0,0,0,0,0,0
99.57,582228,90,582.208,5,0.004228146796923699,0.9972768245706258,1.0015049713675495,0,0,0,0,0,0,1,0,0
64.11,582184,87,582.164,5,0.0025132882195599304,0.9971820304892236,0.9996953187087836,0,0,0,0,0,0,0,1,0
51.83,582380,88,582.36,5,0.0019194229254249303,0.9976042950336519,0.9995237179590768,0,1,0,0,0,0,0,0,0
53.65,582236,87,582.212,5,0.0020074387914937983,0.9972854422143895,0.9992928810058833,0,0,0,1,0,0,0,0,0
68.22,582252,89,582.232,5,0.002712049323704462,0.9973285304332087,1.0000405797569132,0,0,0,0,0,1,0,0,0
58.47,582164,90,582.14,5,0.002240535755478383,0.9971303246266405,0.9993708603821189,0,0,0,0,0,0,0,0,1
56.86,582428,90,582.408,5,0.002162675566263615,0.997707706758818,0.9998703823250816,1,0,0,0,0,0,0,0,0
53.37,582268,88,582.248,5,0.0019938978890216646,0.9973630010082644,0.9993568988972861,0,0,0,0,1,0,0,0,0
56.88,582212,85,582.192,5,0.0021636427735830534,0.9972423539955704,0.9994059967691534,0,0,0,0,0,0,0,1,0
55.33,582492,89,582.472,5,0.0020886842063266,0.9978455890590394,0.999934273265366,0,0,0,0,0,0,1,0,0
64.92,582376,86,582.352,5,0.002552460115997174,0.997587059746124,1.0001395198621212,0,0,0,1,0,0,0,0,0
80.77,582376,88,582.352,5,0.0033189719166518764,0.997587059746124,1.000906031662776,0,0,1,0,0,0,0,0,0
62.49,582184,84,582.156,5,0.0024349444266854436,0.9971647952016958,0.9995997396283812,0,0,0,0,0,0,0,1,0
65.41,582184,87,582.168,5,0.0025761566953234074,0.9971906481329873,0.9997668048283107,0,1,0,0,0,0,0,0,0
57.44,582220,89,582.196,5,0.0021907245785273205,0.9972509716393343,0.9994416962178616,0,0,0,0,0,0,0,0,0
103.06,582184,84,582.164,5,0.004396924474165651,0.9971820304892236,1.0015789549633893,0,0,0,1,0,0,0,0,0
101.99,582312,88,582.292,5,0.004345178882575712,0.9974577950896666,1.0018029739722423,0,0,0,0,0,1,0,0,0
61.39,582324,89,582.3,5,0.0023817480241163473,0.997475030377194,0.9998567784013104,1,0,0,0,0,0,0,0,0
77.95,582288,88,582.268,5,0.003182595684611103,0.9974060892270835,1.0005886849116947,0,0,0,0,0,0,0,0,1
54.87,582216,88,582.192,5,0.002066438437979523,0.9972423539955704,0.9993087924335499,0,0,0,0,0,0,1,0,0
52.57,582444,86,582.428,5,0.0019552095962441403,0.9977507949776372,0.9997060045738814,0,1,0,0,0,0,0,0,0
59.09,582260,87,582.228,5,0.002270519182380965,0.997319912789445,0.999590431971826,0,0,0,0,1,0,0,0,0
78.2,582344,87,582.324,5,0.0031946857761040795,0.9975267362397771,1.000721422015881,0,0,0,0,0,0,0,0,0
65.4,582284,82,582.26,5,0.0025756730916636885,0.9973888539395557,0.9999645270312194,0,0,0,0,0,0,0,1,0
65.51,582328,87,582.3,5,0.002580992731920598,0.997475030377194,1.0000560231091147,0,0,1,0,0,0,0,0,0
82.17,582316,86,582.292,5,0.0033866764290125446,0.9974577950896666,1.000844471518679,0,0,0,0,0,1,0,0,0
57.24,582244,86,582.224,5,0.0021810525053329393,0.9973112951456813,0.9994923476510142,0,0,0,0,0,0,0,0,1
53.59,582328,84,582.3,5,0.0020045371695354844,0.997475030377194,0.9994795675467295,0,1,0,0,0,0,0,0,0
70.1,582464,86,582.44,5,0.002802966811731644,0.9977766479089287,1.0005796147206603,0,0,0,0,1,0,0,0,0
61.27,582404,85,582.384,5,0.0023759447801997187,0.997656000896235,1.0000319456764346,0,0,1,0,0,0,0,0,0
59.08,582312,88,582.292,5,0.0022700355787212455,0.9974577950896666,0.9997278306683879,1,0,0,0,0,0,0,0,0
85.13,582328,82,582.3,5,0.0035298231122893845,0.997475030377194,1.0010048534894833,0,0,0,1,0,0,0,0,0
64.38,582280,80,582.252,5,0.0025263455183723443,0.9973716186520281,0.9998979641704004,0,0,0,0,0,0,0,1,0
56.59,582332,86,582.308,5,0.002149618267451201,0.9974922656647218,0.999641883932173,0,0,0,0,0,0,0,0,0
64.23,582356,84,582.336,5,0.002519091463476559,0.9975525891710688,1.0000716806345453,0,0,1,0,0,0,0,0,0
59.27,582232,87,582.204,5,0.002279224048255908,0.9972682069268619,0.9995474309751178,0,0,0,0,0,0,1,0,0
84.84,582280,85,582.26,5,0.0035157986061575323,0.9973888539395557,1.0009046525457133,0,0,0,0,1,0,0,0,0
106.23,582424,85,582.404,5,0.004550226834296591,0.9976990891150541,1.0022493159493506,0,0,0,0,0,0,0,0,1
84.88,582328,80,582.308,5,0.003517733020796408,0.9974922656647218,1.0010099986855183,0,0,0,1,0,0,0,0,0
57.74,582324,85,582.304,5,0.002205232688318892,0.9974836480209579,0.9996888807092768,0,0,0,0,0,1,0,0,0
62.27,582412,82,582.388,5,0.002424305146171624,0.9976646185399987,1.0000889236861703,0,1,0,0,0,0,0,0,0
78.86,582288,84,582.268,5,0.003226603617645537,0.9974060892270835,1.000632692844729,0,0,0,0,1,0,0,0,0
70.37,582220,86,582.2,5,0.002816024110544059,0.9972595892830982,1.0000756133936424,1,0,0,0,0,0,0,0,0
67.3,582148,84,582.124,5,0.0026675577870103086,0.9970958540515851,0.9997634118385954,0,0,0,0,0,0,0,0,1
84.1,582188,86,582.156,5,0.003480011935338322,0.9971647952016958,1.0006448071370342,0,0,0,0,0,0,1,0,0
60.41,582380,79,582.356,5,0.0023343548654638797,0.997595677389888,0.9999300322553518,0,0,0,1,0,0,0,0,0
63.68,582352,85,582.332,5,0.002492493262192011,0.9975439715273049,1.0000364647894968,0,0,0,0,0,0,0,0,0
53.13,582264,82,582.244,5,0.0019822914011884078,0.9973543833645004,0.9993366747656889,0,0,1,0,0,0,0,0,0
92.5,582268,78,582.248,5,0.003886239009502328,0.9973630010082644,1.0012492400177666,0,0,0,0,0,0,0,1,0
90.13,582256,85,582.228,5,0.0037716249421489117,0.997319912789445,1.0010915377315939,1,0,0,0,0,0,0,0,0
65.38,582160,77,582.132,5,0.0025747058843442502,0.9971130893391127,0.999687795223457,0,0,0,1,0,0,0,0,0
59.44,582172,84,582.148,5,0.0022874453104711314,0.9971475599141681,0.9994350052246392,0,0,0,0,0,1,0,0,0
58.06,582220,83,582.2,5,0.002220708005429902,0.9972595892830982,0.9994802972885282,0,0,0,0,1,0,0,0,0
56.49,582384,83,582.364,5,0.0021447822308540104,0.9976129126774158,0.9997576949082698,0,0,0,0,0,0,0,0,0
66.05,582380,77,582.36,5,0.002607107329545427,0.9976042950336519,1.0002114023631974,0,0,0,0,0,0,0,1,0
55.77,582284,80,582.252,5,0.0021099627673542383,0.9973716186520281,0.9994815814193823,0,1,0,0,0,0,0,0,0
61.94,582348,83,582.328,5,0.002408346225400895,0.997535353883541,0.9999437001089418,0,0,0,0,0,0,0,0,1
64.37,582244,81,582.224,5,0.002525861914712626,0.9973112951456813,0.9998371570603939,0,0,1,0,0,0,0,0,0
78.9,582348,84,582.328,5,0.0032285380322844134,0.997535353883541,1.0007638919158255,0,0,0,0,0,0,1,0,0
57.84,582360,83,582.336,5,0.002210068724916083,0.9975525891710688,0.999762657895985,1,0,0,0,0,0,0,0,0
55.47,582364,79,582.344,5,0.0020954546575626663,0.9975698244585964,0.9996652791161591,0,0,1,0,0,0,0,0,0
59.4,582328,83,582.3,5,0.0022855108958322553,0.997475030377194,0.9997605412730263,0,0,0,0,0,0,1,0,0
54.78,582260,81,582.24,5,0.0020620860050420517,0.9973457657207365,0.9994078517257786,0,0,0,0,1,0,0,0,0
64.12,582360,83,582.34,5,0.0025137718232196497,0.9975612068148327,1.0000749786380523,0,0,0,0,0,1,0,0,0
53.01,582280,78,582.256,5,0.0019764881572717787,0.9973802362957918,0.9993567244530636,0,0,1,0,0,0,0,0,0
80.07,582484,79,582.46,5,0.003285119660471542,0.9978197361277479,1.0011048557882194,0,0,0,0,1,0,0,0,0
57.45,582384,81,582.364,5,0.0021912081821870394,0.9976129126774158,0.9998041208596028,0,0,0,0,0,0,0,0,0
65.36,582240,81,582.22,5,0.002573738677024812,0.9973026775019174,0.9998764161789422,0,0,0,0,0,0,0,0,1
54.78,582276,79,582.256,5,0.0020620860050420517,0.9973802362957918,0.9994423223008339,0,1,0,0,0,0,0,0,0
83.37,582304,82,582.288,5,0.003444708868178831,0.9974491774459027,1.0008938863140815,1,0,0,0,0,0,0,0,0
91.48,582256,81,582.232,5,0.0038369114362109846,0.9973285304332087,1.0011654418694196,0,0,0,0,0,0,1,0,0
67.38,582320,78,582.296,5,0.002671426616288061,0.9974664127334305,1.0001378393497187,0,0,0,0,1,0,0,0,0
63.96,582480,78,582.456,5,0.0025060341646641446,0.997811118483984,1.000317152648648,0,1,0,0,0,0,0,0,0
71.92,582360,82,582.34,5,0.0028909826778005126,0.9975612068148327,1.0004521894926333,0,0,0,0,0,1,0,0,0
62.88,582404,79,582.384,5,0.0024538049694144866,0.997656000896235,1.0001098058656495,0,0,0,0,0,0,0,0,1
84.24,582120,80,582.096,5,0.0034867823865743883,0.9970355305452383,1.0005223129318126,0,0,0,0,0,0,0,0,0
85.27,582356,76,582.336,5,0.003536593563525451,0.9975525891710688,1.0010891827345942,0,1,0,0,0,0,0,0,0
62.17,582408,80,582.388,5,0.0024194691095744338,0.9976646185399987,1.0000840876495731,1,0,0,0,0,0,0,0,0
83.26,582332,80,582.316,5,0.0034393892279219215,0.9975095009522497,1.0009488901801715,0,0,0,0,0,1,0,0,0
82.62,582280,78,582.26,5,0.003408438593699902,0.9973888539395557,1.0007972925332556,0,0,0,0,0,0,0,0,1
714.28,119484,98,119.46,20,0.03395574736351375,0.0003274704630259473,0.034283217826539696,0,0,0,0,0,0,0,0,0
789.65,119580,98,119.56,20,0.037600668146816264,0.0005429115571219945,0.03814357970393826,0,0,0,0,0,0,1,0,0
1174.61,119512,97,119.488,20,0.056217474631361015,0.0003877939693728294,0.056605268600733845,1,0,0,0,0,0,0,0,0
607.36,119496,97,119.476,20,0.02878505703379761,0.00036194103808134814,0.029146998071878958,0,0,0,1,0,0,0,0,0
868.35,119576,96,119.556,20,0.04140662894880523,0.0005342939133581859,0.041940922862163416,0,0,0,0,0,0,0,1,0
1506.76,119600,98,119.58,20,0.07228037018892945,0.0005859997759412039,0.07286636996487066,0,0,0,0,0,0,0,0,1
1142.14,119524,97,119.496,20,0.05464721354825325,0.00040502925690050207,0.05505224280515375,0,0,1,0,0,0,0,0,0
1349.27,119572,97,119.552,20,0.06466409615201404,0.0005256762695943218,0.06518977242160837,0,0,0,0,0,1,0,0,0
1238.9,119552,97,119.532,20,0.05932656255969483,0.00048258805077511235,0.059809150610469944,0,0,0,0,1,0,0,0,0
1333.69,119440,96,119.416,20,0.06391064165017175,0.00023267638162366433,0.06414331803179542,0,1,0,0,0,0,0,0,0
1063.06,119500,95,119.472,20,0.05082287580719495,0.00035332339431748405,0.05117619920151244,1,0,0,0,0,0,0,0,0
1239.42,119476,95,119.448,20,0.05935170995000022,0.0003016175317344105,0.05965332748173463,0,0,0,0,0,0,0,0,0
1314.88,119484,95,119.464,20,0.06300098316624023,0.0003360881067898114,0.06333707127303004,0,0,0,0,0,0,0,0,1
612.11,119524,95,119.496,20,0.02901476877216416,0.00040502925690050207,0.02941979802906466,0,0,0,0,1,0,0,0,0
780.24,119580,94,119.556,20,0.037145597103020636,0.0005342939133581859,0.03767989101637882,0,0,1,0,0,0,0,0,0
1408.96,119552,95,119.532,20,0.06755072639687709,0.00048258805077511235,0.0680333144476522,0,0,0,0,0,0,1,0,0
1391.74,119524,94,119.496,20,0.06671796089484087,0.00040502925690050207,0.06712299015174138,0,0,0,0,0,0,0,1,0
1680.88,119532,93,119.508,20,0.08070087711195764,0.00043088218819203883,0.08113175930014968,0,0,0,1,0,0,0,0,0
693.07,119484,92,119.464,20,0.032930024001249635,0.0003360881067898114,0.033266112108039446,1,0,0,0,0,0,0,0,0
1768.48,119456,93,119.44,20,0.08493724517109656,0.00028438224420673786,0.0852216274153033,0,0,0,0,0,1,0,0,0
1986.93,119584,93,119.568,20,0.09550156711765932,0.0005601468446496671,0.09606171396230899,0,1,0,0,0,0,0,0,0
1260.75,119428,93,119.408,20,0.06038323655618096,0.00021544109409599166,0.060598677650276954,0,0,0,0,0,0,0,0,1
1368.57,119540,91,119.52,20,0.06559745121527182,0.0004567351194835756,0.06605418633475539,0,0,0,0,0,0,0,0,0
631.07,119508,92,119.488,20,0.02993168131099149,0.0003877939693728294,0.03031947528036432,0,0,0,0,1,0,0,0,0
1132.62,119556,92,119.536,20,0.0541868228642007,0.0004912056945389764,0.054678028558739676,0,0,0,0,0,0,1,0,0
1529.98,119524,90,119.496,20,0.0734032978867971,0.00040502925690050207,0.0738083271436976,0,0,1,0,0,0,0,0,0
782.36,119488,90,119.46,20,0.03724812107888108,0.0003274704630259473,0.037575591541907025,0,1,0,0,0,0,0,0,0
545.18,119508,91,119.484,20,0.02577800947766452,0.0003791763256090208,0.02615718580327354,0,0,0,1,0,0,0,0,0
1899.62,119552,91,119.532,20,0.09127922356465225,0.00048258805077511235,0.09176181161542736,0,0,0,0,0,1,0,0,0
1427.58,119536,91,119.516,20,0.06845119641127397,0.000448117475719767,0.06889931388699373,0,0,0,0,0,0,0,1,0
583.57,119448,90,119.428,20,0.027634563927325977,0.0002585293129152011,0.02789309324024118,0,0,0,0,0,0,1,0,0
1530.62,119524,89,119.496,20,0.07343424852101911,0.00040502925690050207,0.07383927777791961,0,0,0,0,0,0,0,0,1
1857.12,119448,89,119.428,20,0.08922390801084626,0.0002585293129152011,0.08948243732376146,1,0,0,0,0,0,0,0,0
627.69,119440,88,119.42,20,0.02976822327400645,0.00024129402538752842,0.030009517299393978,0,0,0,0,0,0,0,0,0
1126.53,119528,88,119.508,20,0.0538923082354318,0.00043088218819203883,0.05432319042362384,0,0,1,0,0,0,0,0,0
1238.06,119540,88,119.52,20,0.059285939852278424,0.0004567351194835756,0.059742674971762,0,0,0,0,1,0,0,0,0
638.28,119500,87,119.476,20,0.030280359549648927,0.00036194103808134814,0.030642300587730275,0,0,0,0,0,0,0,0,1
2015.24,119488,87,119.468,20,0.09687064907832398,0.00034470575055367547,0.09721535482887765,0,0,0,1,0,0,0,0,0
711.87,119464,89,119.444,20,0.033839198881521454,0.00029299988797060195,0.034132198769492056,0,0,0,0,0,1,0,0,0
1372.0,119560,88,119.54,20,0.06576332727055546,0.0004998233383028405,0.0662631506088583,0,0,0,0,0,0,0,1,0
1931.98,119532,88,119.512,20,0.09284416500750312,0.0004394998319559029,0.09328366483945902,0,1,0,0,0,0,0,0,0
915.21,119532,85,119.516,20,0.04367279569824872,0.000448117475719767,0.04412091317396849,0,0,0,0,0,0,0,0,0
1722.42,119504,87,119.48,20,0.0827097667144306,0.0003705586818451567,0.08308032539627576,0,0,0,0,0,0,1,0,0
1156.15,119508,87,119.488,20,0.055324742275519645,0.0003877939693728294,0.055712536244892474,1,0,0,0,0,0,0,0,0
1207.06,119564,85,119.544,20,0.05778676850714935,0.0005084409820666491,0.058295209489216,0,0,0,0,1,0,0,0,0
1497.46,119536,85,119.52,20,0.07183061878539072,0.0004567351194835756,0.0722873539048743,0,0,1,0,0,0,0,0,0
1503.38,119512,84,119.484,20,0.0721169121519444,0.0003791763256090208,0.07249608847755343,0,0,0,0,0,0,0,0,1
739.7,119556,84,119.536,20,0.035185067866519586,0.0004912056945389764,0.03567627356105856,0,0,0,0,0,0,0,1,0
1074.69,119564,84,119.544,20,0.05138530686344822,0.0005084409820666491,0.05189374784551487,0,0,0,0,0,0,1,0,0
1785.08,119516,83,119.492,20,0.08574002724623019,0.0003964116131366935,0.08613643885936688,0,0,0,1,0,0,0,0,0
598.1,119484,83,119.464,20,0.028337240044897762,0.0003360881067898114,0.028673328151687574,0,0,0,0,0,0,0,0,0
753.48,119504,83,119.472,20,0.03585147370961245,0.00035332339431748405,0.03620479710392993,0,0,1,0,0,0,0,0,0
1503.23,119476,85,119.452,20,0.07210965809704863,0.0003102351754982746,0.0724198932725469,0,0,0,0,0,1,0,0,0
1773.89,119524,86,119.504,20,0.08519887475100457,0.00042226454442823025,0.0856211392954328,0,1,0,0,0,0,0,0,0
1394.39,119484,84,119.46,20,0.06684611586466643,0.0003274704630259473,0.06717358632769238,1,0,0,0,0,0,0,0,0
2461.2,119488,81,119.468,20,0.11843743788715495,0.00034470575055367547,0.11878214363770863,0,0,0,0,1,0,0,0,0
1345.45,119552,81,119.532,20,0.06447935955400137,0.00048258805077511235,0.06496194760477648,0,0,0,0,0,0,0,0,1
836.43,119516,81,119.484,20,0.039862966066982,0.0003791763256090208,0.040242142392591024,0,0,1,0,0,0,0,0,0
1097.62,119524,81,119.504,20,0.05249421005518401,0.00042226454442823025,0.05291647459961224,0,0,0,0,0,0,0,1,0
1143.82,119564,82,119.544,20,0.05472845896308604,0.0005084409820666491,0.05523689994515269,0,0,0,0,0,1,0,0,0
1503.37,119564,80,119.544,20,0.07211642854828468,0.0005084409820666491,0.07262486953035133,0,0,0,1,0,0,0,0,0
1220.6,119500,84,119.472,20,0.05844156786240895,0.00035332339431748405,0.058794891256726434,0,1,0,0,0,0,0,0,0
628.9,119580,82,119.56,20,0.02982673931683245,0.0005429115571219945,0.030369650873954445,0,0,0,0,0,0,1,0,0
984.38,119516,80,119.492,20,0.04701788221252543,0.0003964116131366935,0.047414293825662125,0,0,0,0,0,0,0,0,0
1806.72,119512,81,119.492,20,0.08678654556586222,0.0003964116131366935,0.08718295717899892,1,0,0,0,0,0,0,0,0
1135.69,119524,79,119.508,20,0.054335289187734455,0.00043088218819203883,0.054766171375926494,0,0,0,0,0,1,0,0,0
1704.2,119484,78,119.464,20,0.08182864084642248,0.0003360881067898114,0.0821647289532123,0,0,0,0,1,0,0,0,0
1375.84,119444,76,119.424,20,0.06594903107588757,0.0002499116691513925,0.06619894274503896,0,0,0,1,0,0,0,0,0
1265.84,119548,79,119.524,20,0.06062939081897795,0.0004653527632474397,0.06109474358222539,0,0,0,0,0,0,0,1,0
1972.85,119512,81,119.484,20,0.09482065316477489,0.0003791763256090208,0.09519982949038391,0,1,0,0,0,0,0,0,0
689.87,582476,97,582.452,5,0.032775270830139536,0.9978025008402203,1.0305777716703597,0,0,0,1,0,0,0,0,0
1185.26,582360,96,582.336,5,0.05673251252896181,0.9975525891710688,1.0542851017000305,0,0,0,0,0,0,0,1,0
620.88,582340,98,582.316,5,0.02943888918173777,0.9975095009522497,1.0269483901339875,0,0,0,0,0,1,0,0,0
929.85,582436,97,582.42,5,0.04438079145607742,0.9977335596901094,1.0421143511461868,0,0,0,0,0,0,0,0,0
1367.35,582380,97,582.364,5,0.0655384515687861,0.9976129126774158,1.0631513642462018,0,0,0,0,0,0,1,0,0
694.03,582508,96,582.488,5,0.03297644995258266,0.9978800596340949,1.0308565095866775,0,1,0,0,0,0,0,0,0
993.25,582444,96,582.424,5,0.047446838658696235,0.9977421773338733,1.0451890159925694,1,0,0,0,0,0,0,0,0
1917.21,582352,98,582.332,5,0.09212988240209807,0.9975439715273049,1.089673853929403,0,0,1,0,0,0,0,0,0
972.46,582344,96,582.324,5,0.04644142665014032,0.9975267362397771,1.0439681628899173,0,0,0,0,1,0,0,0,0
1502.17,582248,97,582.224,5,0.0720583961091184,0.9973112951456813,1.0693696912547996,0,0,0,0,0,0,0,0,1
762.89,582456,94,582.44,5,0.036306544753408075,0.9977766479089287,1.0340831926623368,0,0,0,1,0,0,0,0,0
745.23,582256,94,582.232,5,0.035452500690344224,0.9973285304332087,1.032781031123553,0,0,0,0,0,0,0,0,0
881.47,582280,92,582.26,5,0.04204111695035663,0.9973888539395557,1.0394299708899124,0,0,0,0,0,0,0,1,0
1522.6,582412,93,582.388,5,0.07304639838592443,0.9976646185399987,1.070711016925923,0,1,0,0,0,0,0,0,0
1728.06,582464,94,582.444,5,0.08298251917851214,0.9977852655526924,1.0807677847312045,0,0,0,0,0,0,1,0,0
1145.05,582300,95,582.28,5,0.05478794221323149,0.9974319421583748,1.0522198843716064,0,0,0,0,0,1,0,0,0
749.4,582280,93,582.264,5,0.03565416341644707,0.9973974715833196,1.0330516349997667,0,0,0,0,1,0,0,0,0
786.5,582284,96,582.264,5,0.03744833299400476,0.9973974715833196,1.0348458045773243,0,0,1,0,0,0,0,0,0
2005.96,582284,94,582.264,5,0.09642186488210469,0.9973974715833196,1.0938193364654243,1,0,0,0,0,0,0,0,0
1375.5,582480,94,582.456,5,0.06593258855145713,0.997811118483984,1.0637437070354412,0,0,0,0,0,0,0,0,1
938.6,582408,92,582.388,5,0.044803944658331596,0.9976646185399987,1.0424685631983301,0,0,0,0,0,0,0,0,0
689.13,582396,91,582.376,5,0.03273948415932032,0.9976387656087071,1.0303782497680274,0,0,0,0,0,0,1,0,0
650.28,582336,92,582.312,5,0.030860683941311792,0.9975008833084857,1.0283615672497974,0,0,0,0,0,1,0,0,0
2013.26,582388,91,582.364,5,0.0967748955536996,0.9976129126774158,1.0943878082311154,0,0,0,1,0,0,0,0,0
891.77,582388,91,582.368,5,0.04253922871986726,0.9976215303211795,1.0401607590410467,0,0,0,0,0,0,0,0,1
1461.64,582320,89,582.296,5,0.07009835047627708,0.9974664127334305,1.0675647632097076,0,0,0,0,0,0,0,1,0
1061.49,582392,89,582.368,5,0.050746950032619066,0.9976215303211795,1.0483684803537985,0,1,0,0,0,0,0,0,0
1982.37,582376,89,582.356,5,0.09528104384882743,0.997595677389888,1.0928767212387154,0,0,0,0,0,0,0,0,0
650.08,582600,88,582.576,5,0.030851011868117416,0.9980696477968993,1.0289206596650167,0,0,0,0,0,0,1,0,0
1863.95,582432,90,582.408,5,0.08955420931043438,0.997707706758818,1.0872619160692525,0,0,0,0,1,0,0,0,0
1966.83,582376,93,582.352,5,0.09452952376162402,0.997587059746124,1.092116583507748,0,0,1,0,0,0,0,0,0
1350.31,582372,91,582.356,5,0.06471439093262482,0.997595677389888,1.0623100683225128,1,0,0,0,0,0,0,0,0
913.01,582328,89,582.308,5,0.043566402893110534,0.9974922656647218,1.0410586685578322,0,0,0,0,0,0,0,0,1
864.87,582432,88,582.408,5,0.041238334875223,0.997707706758818,1.038946041634041,0,0,0,1,0,0,0,0,0
673.08,582420,85,582.396,5,0.031963300285471244,0.9976818538275263,1.0296451541129976,0,0,0,0,0,0,0,1,0
1880.89,582284,89,582.26,5,0.09037343390999847,0.9973888539395557,1.087762287849554,0,0,0,0,0,1,0,0,0
1399.88,582232,86,582.212,5,0.06711161427385219,0.9972854422143895,1.0643970564882417,0,1,0,0,0,0,0,0,0
1312.82,582376,87,582.36,5,0.06290136081233809,0.9976042950336519,1.06050565584599,0,0,0,0,1,0,0,0,0
1373.26,582452,88,582.432,5,0.06582426133168005,0.9977594126214009,1.0635836739530808,1,0,0,0,0,0,0,0,0
1993.94,582348,86,582.328,5,0.09584057328312238,0.997535353883541,1.0933759271666634,0,0,0,0,0,0,1,0,0
1557.04,582220,87,582.196,5,0.07471192938999685,0.9972509716393343,1.0719629010293312,0,0,0,0,0,0,0,0,1
1815.28,582472,90,582.452,5,0.08720051029858174,0.9978025008402203,1.085003011138802,0,0,1,0,0,0,0,0,0
2048.86,582196,87,582.176,5,0.09849652458229945,0.9972078834205151,1.0957044080028147,0,0,0,0,0,0,0,0,0
1310.14,582280,82,582.252,5,0.06277175503153339,0.9973716186520281,1.0601433736835615,0,0,0,0,0,0,0,1,0
1777.36,582476,86,582.456,5,0.08536668522092708,0.997811118483984,1.0831778037049111,0,0,0,1,0,0,0,0,0
1871.47,582400,87,582.38,5,0.08991787926254312,0.997647383252471,1.087565262515014,0,0,0,0,0,1,0,0,0
696.17,582352,84,582.328,5,0.033079941135762535,0.997535353883541,1.0306152950193035,0,0,0,0,0,0,1,0,0
660.05,582568,85,582.548,5,0.031333164716857306,0.9980093242905523,1.0293424890074097,0,0,0,0,1,0,0,0,0
1706.74,582280,83,582.26,5,0.08195147617599112,0.9973888539395557,1.0793403301155469,0,1,0,0,0,0,0,0,0
714.22,582400,86,582.376,5,0.03395284574155543,0.9976387656087071,1.0315916113502626,0,0,1,0,0,0,0,0,0
1512.65,582304,84,582.284,5,0.07256521274450398,0.9974405598021387,1.0700057725466428,1,0,0,0,0,0,0,0,0
1646.17,582216,85,582.196,5,0.0790222888090728,0.9972509716393343,1.076273260448407,0,0,0,0,0,0,0,0,1
1531.8,582464,79,582.444,5,0.07349131375286595,0.9977852655526924,1.0712765793055583,0,0,0,0,0,0,0,1,0
1516.82,582408,84,582.388,5,0.07276687547060681,0.9976646185399987,1.0704314940106054,0,0,0,0,0,0,0,0,0
986.5,582380,83,582.356,5,0.04712040618838587,0.997595677389888,1.0447160835782738,0,0,0,0,1,0,0,0,0
1582.82,582472,79,582.452,5,0.07595865962475258,0.9978025008402203,1.0737611604649728,0,1,0,0,0,0,0,0,0
608.1,582352,80,582.328,5,0.02882084370461682,0.997535353883541,1.0263561975881579,0,0,0,0,0,0,1,0,0
622.41,582516,81,582.5,5,0.029512880541674783,0.9979059125653862,1.027418793107061,0,0,0,0,0,0,0,0,1
1462.2,582384,80,582.364,5,0.07012543228122134,0.9976129126774158,1.067738344958637,1,0,0,0,0,0,0,0,0
1741.65,582564,84,582.54,5,0.08363973655207034,0.9979920890030247,1.081631825555095,0,0,0,1,0,0,0,0,0
1984.55,582420,84,582.4,5,0.0953864694466462,0.9976904714712902,1.0930769409179364,0,0,0,0,0,1,0,0,0
1451.78,582480,83,582.46,5,0.06962151726779409,0.9978197361277479,1.067441253395542,0,0,1,0,0,0,0,0,0
1060.46,582440,81,582.42,5,0.050697138855668004,0.9977335596901094,1.0484306985457774,0,0,0,0,0,0,0,0,0
710.91,582428,75,582.404,5,0.033792772930188425,0.9976990891150541,1.0314918620452425,0,1,0,0,0,0,0,0,0
1858.91,582452,81,582.432,5,0.08931047306593598,0.9977594126214009,1.0870698856873369,0,0,0,0,1,0,0,0,0
1872.11,582368,77,582.344,5,0.08994882989676513,0.9975698244585964,1.0875186543553617,0,0,0,0,0,0,0,1,0
964.69,582408,76,582.384,5,0.046065666606538616,0.997656000896235,1.0437216675027736,1,0,0,0,0,0,0,0,0
1671.79,582308,81,582.276,5,0.08026128138527301,0.9974233245146109,1.077684605899884,0,0,0,1,0,0,0,0,0
1927.76,582520,80,582.5,5,0.09264008426310168,0.9979059125653862,1.0905459968284879,0,0,1,0,0,0,0,0,0
1954.92,582304,81,582.284,5,0.09395355180289863,0.9974405598021387,1.0913941116050374,0,0,0,0,0,1,0,0,0
2394.49,119616,95,119.588,20,0.11521131787316913,0.0006032350634688766,0.115814552936638,0,0,0,0,0,0,0,0,1
2263.61,119560,97,119.536,20,0.10888191317476616,0.0004912056945389764,0.10937311886930513,0,0,0,0,0,1,0,0,0
1620.87,119576,97,119.56,20,0.07779877154998358,0.0005429115571219945,0.07834168310710557,0,0,0,1,0,0,0,0,0
2425.42,119660,96,119.64,20,0.11670710399268018,0.0007152644323988322,0.11742236842507901,0,0,1,0,0,0,0,0,0
2666.04,119608,96,119.584,20,0.1283435752528401,0.000594617419705068,0.12893819267254517,0,0,0,0,1,0,0,0,0
2463.14,119500,96,119.48,20,0.11853125699714046,0.0003705586818451567,0.11890181567898561,0,0,0,0,0,0,1,0,0
2580.23,119640,94,119.612,20,0.12419377224879087,0.0006549409260519501,0.12484871317484282,0,0,0,0,0,0,0,1,0
3182.63,119640,96,119.62,20,0.15332605671026678,0.0006721762135796783,0.15399823292384646,1,0,0,0,0,0,0,0,0
3349.01,119580,96,119.556,20,0.1613722544006724,0.0005342939133581859,0.1619065483140306,0,0,0,0,0,0,0,0,0
2908.41,119640,95,119.62,20,0.14006467715345083,0.0006721762135796783,0.1407368533670305,0,1,0,0,0,0,0,0,0
1819.24,119612,92,119.592,20,0.08739201734783049,0.0006118527072327407,0.08800387005506323,0,0,0,0,0,1,0,0,0
1645.07,119612,91,119.592,20,0.0789690924065037,0.0006118527072327407,0.07958094511373644,0,1,0,0,0,0,0,0,0
2384.26,119592,92,119.572,20,0.11471659132927656,0.0005687644884135312,0.11528535581769009,0,0,0,0,0,0,0,0,1
1590.54,119544,90,119.524,20,0.07633200165005569,0.0004653527632474397,0.07679735441330313,0,0,0,0,0,0,1,0,0
2486.96,119612,90,119.592,20,0.11968320091459125,0.0006118527072327407,0.120295053621824,0,0,1,0,0,0,0,0,0
3283.27,119540,94,119.516,20,0.15819304394167935,0.000448117475719767,0.15864116141739912,0,0,0,1,0,0,0,0,0
2076.41,119640,90,119.62,20,0.09982885266482543,0.0006721762135796783,0.1005010288784051,1,0,0,0,0,0,0,0,0
2542.35,119620,90,119.596,20,0.12236188158577509,0.0006204703509966047,0.12298235193677169,0,0,0,0,0,0,0,1,0
3069.86,119584,92,119.56,20,0.14787245823961498,0.0005429115571219945,0.14841536979673697,0,0,0,0,1,0,0,0,0
2611.33,119600,87,119.58,20,0.12569777963051712,0.0005859997759412039,0.12628377940645832,0,0,0,0,0,1,0,0,0
3363.34,119592,91,119.572,20,0.16206525844504982,0.0005687644884135312,0.16263402293346335,0,0,0,0,0,0,0,0,0
1876.32,119664,86,119.64,20,0.09015242703750685,0.0007152644323988322,0.09086769146990568,0,0,1,0,0,0,0,0,0
2538.51,119580,86,119.556,20,0.12217617778044298,0.0005342939133581859,0.12271047169380117,0,1,0,0,0,0,0,0,0
1666.66,119604,88,119.584,20,0.08001319270783715,0.000594617419705068,0.08060781012754221,0,0,0,0,1,0,0,0,0
1448.65,119608,86,119.576,20,0.06947014932230203,0.0005773821321773398,0.07004753145447937,1,0,0,0,0,0,0,0,0
2688.93,119568,89,119.548,20,0.129450544029937,0.0005170586258305132,0.1299676026557675,0,0,0,0,0,0,0,0,1
2706.93,119552,86,119.528,20,0.1303210306174313,0.0004739704070113038,0.1307950010244426,0,0,0,0,0,0,1,0,0
2674.98,119568,91,119.548,20,0.12877591692462892,0.0005170586258305132,0.12929297555045943,0,0,0,1,0,0,0,0,0
2485.42,119640,86,119.612,20,0.11960872595099452,0.0006549409260519501,0.12026366687704647,0,0,0,0,0,0,0,1,0
1758.91,119652,83,119.628,20,0.08447443646874543,0.0006894115011073509,0.08516384796985278,0,0,0,0,0,1,0,0,0
2183.99,119628,81,119.608,20,0.10503146083608302,0.0006463232822881415,0.10567778411837116,0,0,1,0,0,0,0,0,0
2230.26,119592,86,119.568,20,0.1072690949696031,0.0005601468446496671,0.10782924181425277,0,0,0,0,0,0,0,0,0
2139.39,119576,81,119.556,20,0.10287458851373603,0.0005342939133581859,0.10340888242709421,0,1,0,0,0,0,0,0,0
3021.6,119524,82,119.504,20,0.1455385869778108,0.00042226454442823025,0.14596085152223903,0,0,0,0,1,0,0,0,0
2130.88,119668,82,119.648,20,0.10246304179931513,0.0007324997199265049,0.10319554151924164,0,0,0,0,0,0,1,0,0
2465.43,119604,81,119.576,20,0.1186420022352161,0.0005773821321773398,0.11921938436739345,1,0,0,0,0,0,0,0,0
2710.72,119616,87,119.588,20,0.13050431640446483,0.0006032350634688766,0.1311075514679337,0,0,0,1,0,0,0,0,0
2146.34,119588,84,119.568,20,0.10321069305724079,0.0005601468446496671,0.10377083990189045,0,0,0,0,0,0,0,0,1
2259.7,119524,82,119.504,20,0.10869282414381598,0.00042226454442823025,0.10911508868824421,0,0,0,0,0,0,0,1,0
2331.75,119672,78,119.652,20,0.11217718851209178,0.000741117363690369,0.11291830587578215,0,0,0,0,0,1,0,0,0
2581.64,119640,77,119.612,20,0.12426196036481126,0.0006549409260519501,0.1249169012908632,0,0,1,0,0,0,0,0,0
1751.92,119648,76,119.628,20,0.08413639751060181,0.0006894115011073509,0.08482580901170916,1,0,0,0,0,0,0,0,0
2669.53,119604,78,119.576,20,0.12851235293008204,0.0005773821321773398,0.12908973506225938,0,1,0,0,0,0,0,0,0
1986.82,119628,78,119.608,20,0.09549624747740242,0.0006463232822881415,0.09614257075969056,0,0,0,0,1,0,0,0,0
3343.59,119604,81,119.576,20,0.16111014121710468,0.0005773821321773398,0.16168752334928202,0,0,0,0,0,0,0,0,0
2529.29,119560,77,119.54,20,0.121730295206182,0.0004998233383028405,0.12223011854448484,0,0,0,0,0,0,0,1,0
3681.83,119508,77,119.488,20,0.177467551403442,0.0003877939693728294,0.17785534537281483,0,0,0,0,0,0,1,0,0
3224.93,119576,79,119.556,20,0.15537170019087837,0.0005342939133581859,0.15590599410423656,0,0,0,0,0,0,0,0,1
3823.98,119576,81,119.556,20,0.1843419774263484,0.0005342939133581859,0.18487627133970658,0,0,0,1,0,0,0,0,0
2614.01,119568,78,119.548,20,0.12582738541132185,0.0005170586258305132,0.12634444403715236,0,0,0,0,0,0,0,0,0
1763.69,582328,96,582.3,5,0.08470559901809113,0.997475030377194,1.0821806293952851,0,1,0,0,0,0,0,0,0
2487.25,582468,95,582.448,5,0.1196972254207231,0.9977938831964563,1.1174911086171795,0,0,1,0,0,0,0,0,0
2709.87,582432,96,582.408,5,0.1304632100933887,0.997707706758818,1.1281709168522067,0,0,0,0,0,0,0,0,0
2939.86,582492,95,582.472,5,0.14158561066326728,0.9978455890590394,1.1394311997223068,0,0,0,0,0,0,1,0,0
2673.24,582452,95,582.432,5,0.1286917698878378,0.9977594126214009,1.1264511825092387,0,0,0,0,0,0,0,0,1
3323.68,582472,95,582.448,5,0.16014728633060404,0.9977938831964563,1.1579411695270605,0,0,0,0,1,0,0,0,0
2954.91,582468,97,582.448,5,0.14231343417114442,0.9977938831964563,1.1401073173676008,0,0,0,0,0,0,0,1,0
2676.84,582416,94,582.396,5,0.1288658672053367,0.9976818538275263,1.126547721032863,1,0,0,0,0,0,0,0,0
3299.44,582508,96,582.484,5,0.15897503105944505,0.997871441990331,1.156846473049776,0,0,0,0,0,1,0,0,0
3501.75,582336,95,582.312,5,0.16875881669922127,0.9975008833084857,1.166259700007707,0,0,0,1,0,0,0,0,0
2482.31,582488,90,582.472,5,0.11945832521282189,0.9978455890590394,1.1173039142718613,0,0,1,0,0,0,0,0,0
2542.78,582596,93,582.572,5,0.12238267654314303,0.9980610301531354,1.1204437066962785,0,1,0,0,0,0,0,0,0
2388.56,582284,92,582.264,5,0.11492454090295574,0.9973974715833196,1.1123220124862754,0,0,0,0,0,0,1,0,0
1796.15,582504,93,582.484,5,0.08627537649753919,0.997871441990331,1.0841468184878702,0,0,0,0,0,0,0,1,0
2841.99,582480,91,582.456,5,0.13685258164559685,0.997811118483984,1.1346637001295807,0,0,0,0,0,0,0,0,1
2730.63,582664,91,582.632,5,0.13146717129096547,0.9981902948095929,1.1296574661005583,0,0,0,0,1,0,0,0,0
2853.68,582608,91,582.588,5,0.13741791432380843,0.9980955007281906,1.135513415051999,0,0,0,0,0,1,0,0,0
3112.84,582428,93,582.404,5,0.1499509867690875,0.9976990891150541,1.1476500758841417,0,0,0,0,0,0,0,0,0
3449.39,582464,89,582.444,5,0.16622666793693228,0.9977852655526924,1.1640119334896246,1,0,0,0,0,0,0,0,0
1285.95,582444,86,582.424,5,0.06160191777867298,0.9977421773338733,1.0593440951125463,0,0,1,0,0,0,0,0,0
3318.14,582528,91,582.504,5,0.15987936990311968,0.9979145302091501,1.15779390011227,0,0,0,1,0,0,0,0,0
1895.66,582524,86,582.504,5,0.09108771651540351,0.9979145302091501,1.0890022467245537,0,0,0,0,0,0,1,0,0
3262.8,582564,87,582.544,5,0.15720310725023445,0.9980007066467884,1.1552038138970229,0,1,0,0,0,0,0,0,0
1746.16,582404,87,582.384,5,0.08385784180260364,0.997656000896235,1.0815138426988387,0,0,0,0,0,0,0,0,0
2519.5,582408,87,582.388,5,0.12125684722331705,0.9976646185399987,1.1189214657633157,0,0,0,0,0,0,0,0,1
1741.55,582412,85,582.388,5,0.08363490051547315,0.9976646185399987,1.0812995190554717,0,0,0,0,0,1,0,0,0
2659.36,582284,89,582.26,5,0.12802052800814775,0.9973888539395557,1.1254093819477033,0,0,0,0,0,0,0,1,0
2334.91,582284,81,582.264,5,0.112330007268563,0.9973974715833196,1.1097274788518825,0,0,1,0,0,0,0,0,0
2986.0,582348,84,582.328,5,0.14381695794921098,0.997535353883541,1.141352311832752,1,0,0,0,0,0,0,0,0
2433.74,582540,85,582.52,5,0.11710946223756642,0.9979490007842053,1.1150584630217717,0,0,0,0,1,0,0,0,0
2824.28,582420,86,582.396,5,0.13599611956423444,0.9976818538275263,1.1336779733917608,0,0,0,1,0,0,0,0,0
3356.36,582244,81,582.22,5,0.16172770309056592,0.9973026775019174,1.1590303805924833,0,0,0,0,0,0,1,0,0
2395.21,582368,82,582.344,5,0.11524613733666891,0.9975698244585964,1.1128159617952653,0,0,0,0,0,0,0,0,0
1985.54,582352,82,582.328,5,0.09543434620895837,0.997535353883541,1.0929697000924994,0,0,0,0,0,0,0,0,1
3497.81,582400,83,582.38,5,0.16856827685729195,0.997647383252471,1.166215660109763,0,1,0,0,0,0,0,0,0
2019.01,582480,82,582.456,5,0.09705296765803806,0.997811118483984,1.094864086142022,0,0,0,0,0,1,0,0,0
2261.57,582588,80,582.568,5,0.10878325802818346,0.9980524125093715,1.106835670537555,1,0,0,0,0,0,0,0,0
2609.34,582668,85,582.648,5,0.12560154250223304,0.9982247653846485,1.1238263078868815,0,0,0,0,0,0,0,1,0
2677.55,582488,77,582.464,5,0.12890020306517674,0.9978283537715118,1.1267285568366885,0,0,1,0,0,0,0,0,0
3263.1,582460,82,582.44,5,0.157217615360026,0.9977766479089287,1.1549942632689547,0,0,0,0,1,0,0,0,0
3110.64,582444,82,582.424,5,0.14984459396394928,0.9977421773338733,1.1475867712978225,0,0,0,1,0,0,0,0,0
2105.9,582436,77,582.42,5,0.10125499985733694,0.9977335596901094,1.0989885595474462,0,0,0,0,0,0,0,0,0
3080.1,582432,76,582.412,5,0.14836766838716728,0.9977163244025817,1.146083992789749,0,0,0,0,0,0,1,0,0
1875.78,582628,77,582.604,5,0.09012631243988202,0.9981299713032463,1.0882562837431284,0,1,0,0,0,0,0,0,0
1859.28,582480,76,582.46,5,0.08932836640134559,0.9978197361277479,1.0871481025290934,1,0,0,0,0,0,0,0,0
3067.85,582436,78,582.412,5,0.14777525390401144,0.9977163244025817,1.145491578306593,0,0,0,0,0,0,0,0,1
2569.07,582440,78,582.416,5,0.12365407056454442,0.9977249420463457,1.12137901261089,0,0,0,0,0,1,0,0,0
3197.43,582488,80,582.468,5,0.15404179012665095,0.9978369714152755,1.1518787615419264,0,0,0,0,0,0,0,1,0
2180.3,582476,76,582.46,5,0.10485301108564671,0.9978197361277479,1.1026727472133946,0,0,0,1,0,0,0,0,0
2214.08,582388,78,582.364,5,0.10648662424817766,0.9976129126774158,1.1040995369255935,0,0,0,0,1,0,0,0,0
3097.7,119712,94,119.688,20,0.14921881082827282,0.0008186761575649792,0.1500374869858378,0,0,1,0,0,0,0,0,0
3565.5,119676,95,119.656,20,0.17184179002993025,0.000749735007454233,0.17259152503738448,0,1,0,0,0,0,0,0,0
3323.43,119692,94,119.668,20,0.16013519623911104,0.0007755879387457698,0.1609107841778568,0,0,0,0,0,0,0,1,0
3637.63,119640,94,119.616,20,0.17533002322748378,0.0006635585698158142,0.1759935817972996,1,0,0,0,0,0,0,0,0
4298.05,119692,94,119.672,20,0.20726817612264964,0.0007842055825095784,0.20805238170515922,0,0,0,0,0,0,1,0,0
4766.7,119656,94,119.636,20,0.22993226163538316,0.0007066467886350236,0.23063890842401819,0,0,0,0,0,1,0,0,0
4153.96,119640,93,119.62,20,0.20029993098975776,0.0006721762135796783,0.20097210720333744,0,0,0,1,0,0,0,0,0
3936.74,119684,96,119.664,20,0.18979509229334043,0.0007669702949819057,0.19056206258832234,0,0,0,0,0,0,0,0,1
4940.19,119640,94,119.616,20,0.23832230152784903,0.0006635585698158142,0.23898586009766484,0,0,0,0,1,0,0,0,0
4570.06,119688,94,119.668,20,0.22042267927066767,0.0007755879387457698,0.22119826720941344,0,0,0,0,0,0,0,0,0
2796.4,119636,88,119.616,20,0.1346478325609377,0.0006635585698158142,0.13531139113075352,0,0,1,0,0,0,0,0,0
2643.62,119740,87,119.72,20,0.12725933584774995,0.0008876173076756699,0.12814695315542562,0,1,0,0,0,0,0,0,0
2586.89,119732,87,119.704,20,0.12451585228616377,0.0008531467326203246,0.1253689990187841,0,0,0,0,0,0,1,0,0
2987.43,119740,90,119.72,20,0.1438861132725508,0.0008876173076756699,0.14477373058022647,0,0,0,0,0,0,0,1,0
3097.68,119632,87,119.608,20,0.1492178436209534,0.0006463232822881415,0.14986416690324153,1,0,0,0,0,0,0,0,0
3817.68,119708,89,119.688,20,0.18403730712072536,0.0008186761575649792,0.18485598327829034,0,0,0,0,0,1,0,0,0
3619.36,119652,86,119.632,20,0.17444647934117707,0.0006980291448711595,0.17514450848604823,0,0,0,1,0,0,0,0,0
3479.62,119756,88,119.728,20,0.167688601800263,0.0009048525952033426,0.16859345439546633,0,0,0,0,0,0,0,0,0
3842.71,119732,91,119.704,20,0.18524776708100216,0.0008531467326203246,0.18610091381362248,0,0,0,0,0,0,0,0,1
4129.49,119736,88,119.712,20,0.19911655283442523,0.0008703820201479973,0.19998693485457322,0,0,0,0,1,0,0,0,0
3062.25,119672,82,119.652,20,0.14750443585456877,0.000741117363690369,0.14824555321825914,0,0,1,0,0,0,0,0,0
3842.16,119672,83,119.648,20,0.18522116887971762,0.0007324997199265049,0.18595366859964413,0,0,0,0,0,0,0,1,0
3645.92,119692,82,119.668,20,0.1757309306613909,0.0007755879387457698,0.17650651860013666,0,1,0,0,0,0,0,0,0
2445.27,119656,83,119.636,20,0.1176670572572225,0.0007066467886350236,0.11837370404585752,0,0,0,0,1,0,0,0,0
3330.02,119640,81,119.616,20,0.1604538910508659,0.0006635585698158142,0.16111744962068172,1,0,0,0,0,0,0,0,0
3928.72,119700,81,119.68,20,0.18940724215824575,0.0008014408700373066,0.19020868302828306,0,0,0,0,0,0,1,0,0
3983.67,119676,84,119.656,20,0.19206464426840197,0.000749735007454233,0.1928143792758562,0,0,0,0,0,1,0,0,0
4040.4,119668,78,119.644,20,0.1948081278299882,0.0007238820761626963,0.19553200990615088,0,0,0,1,0,0,0,0,0
3821.82,119700,85,119.68,20,0.18423751903584906,0.0008014408700373066,0.18503895990588637,0,0,0,0,0,0,0,0,1
4222.03,119640,83,119.616,20,0.20359182110146537,0.0006635585698158142,0.20425537967128118,0,0,0,0,0,0,0,0,0
2212.86,582564,95,582.536,5,0.10642762460169194,0.9979834713592608,1.1044110959609528,0,1,0,0,0,0,0,0,0
2406.12,582404,96,582.384,5,0.1157737489294224,0.997656000896235,1.1134297498256573,0,0,0,0,0,0,0,0,0
3678.64,582616,94,582.596,5,0.17731328183599163,0.9981127360157185,1.1754260178517102,0,0,0,0,0,0,1,0,0
3554.72,582468,95,582.448,5,0.1713204652847531,0.9977938831964563,1.1691143484812094,0,0,1,0,0,0,0,0,0
3844.97,582500,93,582.476,5,0.18535706150809866,0.9978542067028031,1.1832112682109017,1,0,0,0,0,0,0,0,0
3589.19,582460,93,582.44,5,0.17298744709980468,0.9977766479089287,1.1707640950087335,0,0,0,0,1,0,0,0,0
4752.19,582396,93,582.376,5,0.2292305527251308,0.9976387656087071,1.226869318333838,0,0,0,0,0,0,0,1,0
4254.87,582420,95,582.396,5,0.20517997551998274,0.9976818538275263,1.202861829347509,0,0,0,1,0,0,0,0,0
5184.78,582736,95,582.716,5,0.2501507634409174,0.9983712653286339,1.2485220287695513,0,0,0,0,0,1,0,0,0
5045.2,582516,95,582.496,5,0.24340062355855885,0.9978972949216225,1.2412979184801813,0,0,0,0,0,0,0,0,1
2387.32,582492,89,582.468,5,0.11486457404915058,0.9978369714152755,1.112701545464426,0,0,1,0,0,0,0,0,0
4327.27,582652,89,582.628,5,0.20868126601634873,0.9981816771658294,1.2068629431821782,0,1,0,0,0,0,0,0,0
3228.72,582656,90,582.636,5,0.15555498597791187,0.9981989124533568,1.1537538984312687,0,0,0,0,0,0,0,0,0
3026.45,582368,89,582.344,5,0.14577313475277456,0.9975698244585964,1.143342959211371,1,0,0,0,0,0,0,0,0
3628.7,582616,86,582.592,5,0.17489816515935466,0.9981041183719546,1.1730022835313092,0,0,0,0,1,0,0,0,0
3467.88,582496,88,582.472,5,0.16712085110375283,0.9978455890590394,1.1649664401627922,0,0,0,0,0,0,0,0,1
4291.78,582616,87,582.596,5,0.20696495662800576,0.9981127360157185,1.2050776926437243,0,0,0,0,0,0,1,0,0
2990.49,582584,90,582.56,5,0.14403409599242484,0.9980351772218439,1.1420692732142688,0,0,0,0,0,1,0,0,0
4142.63,582336,89,582.312,5,0.19975200804329607,0.9975008833084857,1.197252891351782,0,0,0,0,0,0,0,1,0
4636.38,582516,87,582.496,5,0.22362993874192444,0.9978972949216225,1.221527233663547,0,0,0,1,0,0,0,0,0
4081.7,582636,84,582.616,5,0.19680541094462786,0.9981558242345376,1.1949612351791654,0,0,1,0,0,0,0,0,0
2518.43,582424,80,582.404,5,0.12120510163172711,0.9976990891150541,1.1189041907467812,0,0,0,0,0,0,1,0,0
4129.53,582452,83,582.432,5,0.19911848724906409,0.9977594126214009,1.196877899870465,0,0,0,0,0,0,0,0,0
4541.95,582620,83,582.596,5,0.21906326938319737,0.9981127360157185,1.2171760053989158,1,0,0,0,0,0,0,0,0
3866.15,582460,80,582.44,5,0.18638133405938365,0.9977766479089287,1.1841579819683123,0,0,0,0,1,0,0,0,0
4708.77,582508,85,582.484,5,0.2271307456346307,0.997871441990331,1.2250021876249617,0,1,0,0,0,0,0,0,0
4094.98,582552,81,582.532,5,0.19744763660473477,0.9979748537154971,1.195422490320232,0,0,0,0,0,0,0,0,1
3481.87,582416,79,582.392,5,0.16779741262369977,0.9976732361837626,1.1654706488074624,0,0,0,1,0,0,0,0,0
3798.89,582640,83,582.608,5,0.18312861584411327,0.9981385889470098,1.181267204791123,0,0,0,0,0,0,0,1,0
4864.02,582396,83,582.376,5,0.23463869245176902,0.9976387656087071,1.232277458060476,0,0,0,0,0,1,0,0,0
3654.2,119760,93,119.736,20,0.17613135449163825,0.0009220878827310708,0.17705344237436932,0,0,0,0,0,0,0,1,0
4406.27,119668,95,119.648,20,0.21250173492812927,0.0007324997199265049,0.21323423464805577,0,0,0,0,0,0,0,0,1
4332.52,119720,93,119.7,20,0.20893515793770123,0.000844529088856516,0.20977968702655775,0,0,0,1,0,0,0,0,0
4508.01,119760,94,119.736,20,0.21742191856211093,0.0009220878827310708,0.218344006444842,0,1,0,0,0,0,0,0,0
4821.29,119720,91,119.692,20,0.23257225401378948,0.0008272938013287878,0.23339954781511826,0,0,0,0,0,0,1,0,0
5371.8,119704,93,119.684,20,0.2591951190849832,0.0008100585138011152,0.26000517759878433,1,0,0,0,0,0,0,0,0
5029.8,119656,95,119.64,20,0.2426558739225915,0.0007152644323988322,0.24337113835499033,0,0,1,0,0,0,0,0,0
5212.47,119756,94,119.728,20,0.2514898619746795,0.0009048525952033426,0.2523947145698828,0,0,0,0,0,1,0,0,0
5244.93,119732,92,119.708,20,0.25305963945412757,0.0008617643763841887,0.25392140383051176,0,0,0,0,1,0,0,0,0
6064.99,119716,94,119.696,20,0.2927180411730484,0.0008359114450926519,0.29355395261814105,0,0,0,0,0,0,0,0,0
4352.29,582612,92,582.592,5,0.20989124237296578,0.9981041183719546,1.2079953607449203,0,0,0,0,0,0,0,0,0
4587.87,582780,93,582.756,5,0.2212839773886273,0.9984574417662722,1.2197414191548994,1,0,0,0,0,0,0,0,0
5252.88,582596,94,582.576,5,0.2534441043636042,0.9980696477968993,1.2515137521605035,0,0,0,1,0,0,0,0,0
5173.71,582572,92,582.552,5,0.24961541418960842,0.9980179419343163,1.2476333561239246,0,0,0,0,0,0,0,0,1
5517.9,582728,92,582.708,5,0.26626056855347857,0.998354030041106,1.2646145985945845,0,0,0,0,1,0,0,0,0
4307.51,582556,91,582.532,5,0.20772566518474386,0.9979748537154971,1.205700518900241,0,1,0,0,0,0,0,0,0
4936.19,582588,92,582.568,5,0.23812886006396142,0.9980524125093715,1.236181272573333,0,0,0,0,0,0,1,0,0
5567.71,582492,93,582.472,5,0.2686693983825392,0.9978455890590394,1.2665149874415786,0,0,0,0,0,0,0,1,0
6335.17,582524,95,582.504,5,0.3057840448513378,0.9979145302091501,1.303698575060488,0,0,1,0,0,0,0,0,0
6630.52,582548,93,582.532,5,0.3200672789411401,0.9979748537154971,1.3180421326566372,0,0,0,0,0,1,0,0,0
3417.3,582600,85,582.58,5,0.16467478379289385,0.9980782654406632,1.1627530492335572,0,0,0,0,0,0,0,0,1
4703.26,582448,86,582.424,5,0.22686428001812547,0.9977421773338733,1.2246064573519988,0,0,0,0,1,0,0,0,0
4672.77,582776,85,582.756,5,0.2253897724596421,0.9984574417662722,1.2238472142259142,0,1,0,0,0,0,0,0,0
4846.86,582560,86,582.54,5,0.23380882857169108,0.9979920890030247,1.2318009175747158,1,0,0,0,0,0,0,0,0
4976.11,119832,92,119.812,20,0.24005940587355987,0.0010858231142440444,0.2411452289878039,0,0,0,0,0,0,0,1,0
4961.78,119848,90,119.82,20,0.23936640182918248,0.001103058401771717,0.2404694602309542,0,0,0,0,0,0,1,0,0
5201.17,119856,90,119.836,20,0.25094338983919695,0.001137528976827118,0.25208091881602407,0,0,1,0,0,0,0,0,0
6372.09,119860,90,119.836,20,0.3075695095630206,0.001137528976827118,0.3087070385398477,0,0,0,0,0,0,0,0,1
7048.07,119804,90,119.788,20,0.34026014975270924,0.0010341172516610264,0.34129426700437027,0,0,0,1,0,0,0,0,0
6791.22,119784,90,119.764,20,0.3278387897528254,0.0009824113890779529,0.32882120114190333,0,0,0,0,0,0,0,0,0
6813.06,119768,89,119.748,20,0.32889498014565177,0.0009479408140226075,0.3298429209596744,1,0,0,0,0,0,0,0,0
7342.02,119868,92,119.848,20,0.35447567933015095,0.0011633819081186547,0.3556390612382696,0,0,0,0,0,1,0,0,0
7105.66,119844,93,119.824,20,0.3430452232290313,0.0011116760455355812,0.3441568992745669,0,0,0,0,1,0,0,0,0
8390.8,119792,91,119.776,20,0.40519506395416593,0.0010082643203694897,0.4062033282745354,0,1,0,0,0,0,0,0,0
4297.94,119808,82,119.792,20,0.2072628564823927,0.001042734895424835,0.20830559137781754,0,0,0,0,0,0,1,0,0
5459.07,119844,81,119.824,20,0.26341552822335135,0.0011116760455355812,0.26452720426888693,0,0,0,0,0,0,0,0,1
7216.74,119860,84,119.836,20,0.3484170926811906,0.001137528976827118,0.3495546216580177,0,0,0,0,0,0,0,1,0
4824.76,119900,80,119.868,20,0.232740064483712,0.0012064701269378642,0.23394653461064988,1,0,0,0,0,0,0,0,0
5409.84,119888,82,119.864,20,0.26103474740655447,0.001197852483174,0.26223259988972847,0,0,0,1,0,0,0,0,0
6850.45,119752,81,119.732,20,0.3307031742293413,0.0009134702389672067,0.3316166444683085,0,0,0,0,0,0,0,0,0
7589.84,119828,80,119.804,20,0.3664603452253085,0.0010685878267163718,0.3675289330520249,0,0,1,0,0,0,0,0,0
6593.37,119816,82,119.796,20,0.31827069134528385,0.001051352539188699,0.31932204388447255,0,0,0,0,0,1,0,0,0
7424.7,119896,82,119.876,20,0.358474114388708,0.0012237054144655368,0.35969781980317356,0,0,0,0,1,0,0,0,0
7331.23,119824,82,119.804,20,0.35395387098131403,0.0010685878267163718,0.3550224588080304,0,1,0,0,0,0,0,0,0
4641.98,582540,92,582.512,5,0.2239007567913671,0.9979317654966777,1.2218325222880448,0,0,0,0,0,0,0,1,0
4898.32,582924,90,582.904,5,0.23629745300460536,0.9987762945855343,1.2350737475901397,0,0,0,0,0,0,0,0,1
4480.91,582644,91,582.62,5,0.21611135264427228,0.9981644418783016,1.2142757945225737,0,0,0,0,1,0,0,0,0
5355.03,582784,93,582.764,5,0.2583841157476343,0.9984746770537998,1.256858792801434,0,0,0,1,0,0,0,0,0
4732.04,582608,91,582.588,5,0.2282560913507969,0.9980955007281906,1.2263515920789876,0,0,1,0,0,0,0,0,0
5548.73,582616,92,582.584,5,0.2677515186363924,0.998086883084427,1.2658384017208193,0,0,0,0,0,1,0,0,0
5695.94,582704,91,582.684,5,0.2748706481111166,0.9983023241785229,1.2731729722896397,0,0,0,0,0,0,0,0,0
6018.12,582656,91,582.636,5,0.29045139081994514,0.9981989124533568,1.2886503032733019,1,0,0,0,0,0,0,0,0
7210.05,582684,93,582.656,5,0.3480935618328385,0.9982420006721759,1.3463355625050144,0,1,0,0,0,0,0,0,0
6937.96,582732,91,582.708,5,0.33493518985554277,0.998354030041106,1.3332892198966488,0,0,0,0,0,0,1,0,0
4699.5,582708,80,582.684,5,0.2266824450420711,0.9983023241785229,1.224984769220594,0,0,0,0,0,0,0,0,1
5545.78,582616,82,582.584,5,0.2676088555567753,0.998086883084427,1.2656957386412022,0,0,0,0,1,0,0,0,0
7449.32,582780,83,582.752,5,0.3596647465989364,0.9984488241225082,1.3581135707214447,0,0,0,0,0,0,0,1,0
6730.84,582760,81,582.74,5,0.3249187908554417,0.9984229711912169,1.3233417620466585,0,0,1,0,0,0,0,0,0
7190.99,582716,85,582.7,5,0.347171813257414,0.9983367947535784,1.3455086080109924,0,0,0,1,0,0,0,0,0
6171.87,582716,81,582.696,5,0.29788679708812565,0.9983281771098147,1.2962149741979403,0,0,0,0,0,1,0,0,0
6353.29,582664,84,582.644,5,0.3066603346827487,0.9982161477408846,1.3048764824236334,1,0,0,0,0,0,0,0,0
5670.32,582956,82,582.94,5,0.2736316555349164,0.9988538533794089,1.2724855089143254,0,0,0,0,0,0,1,0,0
6138.67,582540,86,582.512,5,0.2962812329378584,0.9979317654966777,1.294212998434536,0,1,0,0,0,0,0,0,0
7277.7,582812,82,582.792,5,0.35136514059083795,0.9985350005601468,1.3499001411509848,0,0,0,0,0,0,0,0,0
5122.0,119880,88,119.86,20,0.2471146996652012,0.0011892348394101915,0.24830393450461138,0,0,0,0,0,1,0,0,0
6571.04,119860,87,119.836,20,0.3171908043731312,0.001137528976827118,0.3183283333499583,0,1,0,0,0,0,0,0,0
6966.38,119912,91,119.888,20,0.33630959145646433,0.0012495583457570736,0.3375591498022214,0,0,1,0,0,0,0,0,0
7171.45,119868,91,119.848,20,0.34622685170632295,0.0011633819081186547,0.3473902336144416,1,0,0,0,0,0,0,0,0
6552.87,119896,88,119.872,20,0.3163120965234216,0.0012150877707016727,0.3175271842941233,0,0,0,0,0,0,1,0,0
7069.9,119932,91,119.912,20,0.34131585654187596,0.0013012642083401471,0.3426171207502161,0,0,0,0,0,0,0,0,1
7704.8,119872,90,119.848,20,0.3720198528974388,0.0011633819081186547,0.37318323480555743,0,0,0,0,1,0,0,0,0
6867.59,119876,93,119.844,20,0.3315320709020998,0.0011547642643547906,0.3326868351664546,0,0,0,0,0,0,0,1,0
7855.02,119924,91,119.9,20,0.3792845470737385,0.0012754112770486103,0.3805599583507871,0,0,0,1,0,0,0,0,0
8542.08,119844,90,119.824,20,0.41251102011839585,0.0011116760455355812,0.41362269616393144,0,0,0,0,0,0,0,0,0
7788.75,119872,77,119.852,20,0.37607970562078025,0.0011719995518825188,0.37725170517266277,0,0,0,0,0,1,0,0,0
6847.06,119940,76,119.916,20,0.33053923258869655,0.0013098818521039557,0.3318491144408005,0,1,0,0,0,0,0,0,0
6216.07,119904,79,119.88,20,0.30002432526408385,0.0012323230582293454,0.3012566483223132,1,0,0,0,0,0,0,0,0
6398.52,119920,81,119.896,20,0.30884767403565805,0.0012667936332847463,0.3101144676689428,0,0,0,0,1,0,0,0,0
7061.64,119860,81,119.832,20,0.34091639991894807,0.0011289113330632539,0.3420453112520113,0,0,0,0,0,0,0,0,1
8359.18,119872,82,119.848,20,0.40366590918213435,0.0011633819081186547,0.404829291090253,0,0,1,0,0,0,0,0,0
8897.08,119824,77,119.804,20,0.4296789500384223,0.0010685878267163718,0.4307475378651387,0,0,0,0,0,0,1,0,0
9170.51,119864,80,119.848,20,0.44290212490612046,0.0011633819081186547,0.4440655068142391,0,0,0,1,0,0,0,0,0
9240.71,119904,82,119.88,20,0.44629702259734816,0.0012323230582293454,0.4475293456555775,0,0,0,0,0,0,0,1,0
8151.93,119896,80,119.868,20,0.39364322333445695,0.0012064701269378642,0.3948496934613948,0,0,0,0,0,0,0,0,0
5270.14,582588,89,582.568,5,0.25427880428027927,0.9980524125093715,1.2523312167896508,0,0,0,0,0,0,1,0,0
6331.31,582656,88,582.636,5,0.3055973738386863,0.9981989124533568,1.3037962862920431,0,0,0,1,0,0,0,0,0
6884.74,582756,90,582.732,5,0.33236145117851795,0.9984057359036891,1.330767187082207,0,0,1,0,0,0,0,0,0
7599.39,582636,90,582.612,5,0.36692218672034027,0.9981472065907737,1.365069393311114,0,0,0,0,0,1,0,0,0
7948.63,582660,88,582.636,5,0.3838115609323685,0.9981989124533568,1.3820104733857252,0,0,0,0,1,0,0,0,0
7262.02,582828,87,582.8,5,0.3506068500523985,0.9985522358476744,1.3491590859000728,0,1,0,0,0,0,0,0,0
8094.45,582760,89,582.728,5,0.3908634694983918,0.9983971182599252,1.3892605877583168,0,0,0,0,0,0,0,0,0
8065.66,582680,88,582.66,5,0.3894711745620606,0.9982506183159399,1.3877217928780006,0,0,0,0,0,0,0,1,0
7912.85,582760,89,582.74,5,0.38208122703789377,0.9984229711912169,1.3805041982291106,0,0,0,0,0,0,0,0,1
8788.83,582760,89,582.74,5,0.42444394042196354,0.9984229711912169,1.4228669116131805,1,0,0,0,0,0,0,0,0
5994.56,582708,78,582.68,5,0.2893120205976471,0.998293706534759,1.2876057271324062,0,0,0,0,0,0,1,0,0
6324.16,582760,78,582.74,5,0.30525159722198714,0.9984229711912169,1.303674568413204,0,0,0,0,1,0,0,0,0
7101.49,582636,78,582.612,5,0.34284356050292847,0.9981472065907737,1.3409907670937022,0,0,0,0,0,1,0,0,0
8728.73,582784,77,582.752,5,0.421537482427052,0.9984488241225082,1.4199863065495602,0,0,0,1,0,0,0,0,0
8166.69,582688,77,582.668,5,0.39435702233620223,0.9982678536034677,1.39262487593967,0,1,0,0,0,0,0,0,0
8804.95,582852,81,582.832,5,0.4252235095214307,0.9986211769977851,1.4238446865192158,0,0,1,0,0,0,0,0,0
7994.62,582736,79,582.704,5,0.38603565416341645,0.9983454123973421,1.3843810665607585,0,0,0,0,0,0,0,0,0
9002.84,582816,77,582.792,5,0.43479354234361106,0.9985350005601468,1.4333285429037579,0,0,0,0,0,0,0,1,0
8360.16,582780,79,582.76,5,0.4037133023407868,0.9984660594100361,1.402179361750823,1,0,0,0,0,0,0,0,0
9425.22,582688,80,582.668,5,0.45521999372282446,0.9982678536034677,1.4534878473262922,0,0,0,0,0,0,0,0,1
6029.04,120044,89,120.024,20,0.29097948601635837,0.0015425582337276755,0.29252204425008604,0,0,0,0,0,0,0,1,0
8247.96,119952,89,119.932,20,0.398287269278739,0.0013443524271593565,0.39963162170589833,1,0,0,0,0,0,0,0,0
8049.04,120000,88,119.976,20,0.38866742527960757,0.001439146508561584,0.39010657178816915,0,0,0,0,0,1,0,0,0
9153.62,119988,88,119.96,20,0.442085318324855,0.0014046759335061831,0.44348999425836116,0,0,0,0,0,0,0,0,0
9747.66,119988,87,119.968,20,0.4708133101268057,0.0014219112210339113,0.47223522134783963,0,0,0,0,0,0,1,0,0
9502.5,119976,88,119.948,20,0.45895728280513337,0.0013788230022147019,0.4603361058073481,0,0,0,0,1,0,0,0,0
10404.9,119948,86,119.928,20,0.5025976770581808,0.0013357347833954925,0.5039334118415764,0,0,1,0,0,0,0,0,0
9839.54,120000,90,119.972,20,0.4752566605523044,0.00143052886479772,0.47668718941710214,0,0,0,1,0,0,0,0,0
9912.13,120040,86,120.024,20,0.478767139518205,0.0015425582337276755,0.48030969775193266,0,0,0,0,0,0,0,0,1
11168.48,119892,89,119.872,20,0.5395246853070085,0.0012150877707016727,0.5407397730777102,0,1,0,0,0,0,0,0,0
6902.61,582988,89,582.964,5,0.33322565091843587,0.998905559241992,1.332131210160428,0,0,0,0,0,0,1,0,0
7906.32,582828,89,582.804,5,0.3817654338480972,0.9985608534914383,1.3803262873395354,0,1,0,0,0,0,0,0,0
8659.38,582852,90,582.832,5,0.41818369104690034,0.9986211769977851,1.4168048680446854,0,0,0,0,1,0,0,0,0
8134.7,582672,88,582.648,5,0.39280997422876096,0.9982247653846485,1.3910347396134095,0,0,0,0,0,0,0,0,0
8068.98,582708,85,582.68,5,0.3896317309770873,0.998293706534759,1.3879254375118464,0,0,1,0,0,0,0,0,0
9395.42,582952,86,582.932,5,0.4537788548168617,0.9988366180918813,1.452615472908743,1,0,0,0,0,0,0,0,0
9491.37,582780,89,582.76,5,0.4584190319318661,0.9984660594100361,1.4568850913419022,0,0,0,1,0,0,0,0,0
9444.72,582860,89,582.84,5,0.4561630208592766,0.9986384122853129,1.4548014331445895,0,0,0,0,0,0,0,1,0
9690.19,583040,89,583.012,5,0.46803403989440034,0.9990089709671579,1.4670430108615582,0,0,0,0,0,1,0,0,0
9270.95,582888,87,582.868,5,0.44775944006433865,0.9986987357916599,1.4464581758559985,0,0,0,0,0,0,0,0,1
8573.24,120060,87,120.04,20,0.4140179291220804,0.0015770288087830764,0.4155949579308635,0,0,0,0,0,0,0,0,0
8180.85,120016,86,119.984,20,0.39504180511836445,0.0014563817960892567,0.3964981869144537,0,0,0,1,0,0,0,0,0
9520.73,120024,86,120.004,20,0.4598388922768012,0.001499470014908466,0.46133836229170966,1,0,0,0,0,0,0,0,0
9589.22,120016,89,120.0,20,0.46315109374221697,0.0014908523711446575,0.4646419461133616,0,1,0,0,0,0,0,0,0
10347.18,120072,86,120.052,20,0.4998063167342825,0.0016028817400746131,0.5014091984743572,0,0,0,0,0,0,0,1,0
10207.01,120028,90,120.008,20,0.49302764423600054,0.0015080876586723302,0.49453573189467287,0,0,0,0,0,0,0,0,1
11099.04,120080,88,120.056,20,0.5361665414939194,0.0016114993838384217,0.5377780408777578,0,0,0,0,1,0,0,0,0
11018.31,120068,84,120.044,20,0.5322624091490074,0.001585646452546885,0.5338480556015542,0,0,0,0,0,0,1,0,0
11556.93,120144,86,120.12,20,0.5583102694687951,0.0017493816840599141,0.560059651152855,0,0,0,0,0,1,0,0,0
12613.26,120024,87,120.004,20,0.6093947748558982,0.001499470014908466,0.6108942448708067,0,0,1,0,0,0,0,0,0
7833.62,582868,88,582.848,5,0.37824963524193966,0.9986556475728405,1.3769052828147803,0,0,0,0,0,0,0,1,0
8057.46,583000,86,582.98,5,0.389074619561091,0.9989400298170474,1.3880146493781385,0,0,0,1,0,0,0,0,0
9887.17,582872,88,582.852,5,0.4775600647835463,0.9986642652166042,1.4762243300001505,1,0,0,0,0,0,0,0,0
10407.45,582988,87,582.964,5,0.5027209959914093,0.998905559241992,1.5016265552334014,0,0,0,0,0,0,0,0,1
10542.26,583048,85,583.028,5,0.5092404569280818,0.9990434415422134,1.508283898470295,0,0,0,0,0,1,0,0,0
9959.89,582976,85,582.952,5,0.4810768305970232,0.9988797063107004,1.4799565369077237,0,0,0,0,0,0,0,0,0
11229.31,582872,87,582.852,5,0.5424664463690795,0.9986642652166042,1.5411307115856836,0,0,0,0,0,0,1,0,0
10497.16,582884,85,582.864,5,0.5070594044227489,0.998690118147896,1.5057495225706448,0,0,0,0,1,0,0,0,0
10921.21,582764,83,582.744,5,0.5275666176131354,0.9984315888349806,1.525998206448116,0,0,1,0,0,0,0,0,0
11691.12,582832,84,582.808,5,0.5647997469785653,0.998569471135202,1.5633692181137673,0,1,0,0,0,0,0,0,0
