,mse,mae,r2
rf_latency_ms,2517764.408624575,1053.1760355061344,0.8843450811309966
xgb_latency_ms,2539295.303744164,1102.0565308457358,0.8833560473994437
mlp_latency_ms,19642042.14258318,3406.7439677751913,0.09773178831175677
rf_energy,3.227510812995958e-05,0.003932607362068308,0.9999999993971634
xgb_energy,9.23720527097004e-05,0.006235787795364828,0.9999999982746689
mlp_energy,354.15602537451934,11.29480079752894,0.9933850511359188
rf_communication_cost,0.005857341207558287,0.050862824256809616,0.9831871067797437
xgb_communication_cost,0.006042163640771869,0.05228466091805855,0.9826565930664026
mlp_communication_cost,0.04694693373090914,0.16844420414535888,0.8652436735599944
